ld: warning: ignoring duplicate libraries: '-lSystem'
ld: warning: alignment (4) of atom '_vut_fn_0' (/Users/runner/work/vut_repo/vut_repo/spikes/mlink0/out/fx-http.o) is too small and may result in unaligned pointers 
ld: warning: alignment (4) of atom '_vut_fn_1' (/Users/runner/work/vut_repo/vut_repo/spikes/mlink0/out/fx-http.o) is too small and may result in unaligned pointers 
ld: warning: alignment (4) of atom '_vut_fn_2' (/Users/runner/work/vut_repo/vut_repo/spikes/mlink0/out/fx-http.o) is too small and may result in unaligned pointers 
ld: warning: alignment (4) of atom '_vut_fn_3' (/Users/runner/work/vut_repo/vut_repo/spikes/mlink0/out/fx-http.o) is too small and may result in unaligned pointers 
ld: warning: alignment (4) of atom '_vut_fn_4' (/Users/runner/work/vut_repo/vut_repo/spikes/mlink0/out/fx-http.o) is too small and may result in unaligned pointers 
ld: warning: alignment (4) of atom '_vut_fn_5' (/Users/runner/work/vut_repo/vut_repo/spikes/mlink0/out/fx-http.o) is too small and may result in unaligned pointers 
ld: warning: alignment (4) of atom '_vut_fn_12' (/Users/runner/work/vut_repo/vut_repo/spikes/mlink0/out/fx-http.o) is too small and may result in unaligned pointers 
ld: warning: alignment (4) of atom '_vut_fn_13' (/Users/runner/work/vut_repo/vut_repo/spikes/mlink0/out/fx-http.o) is too small and may result in unaligned pointers 
ld: warning: alignment (4) of atom '_vut_fn_14' (/Users/runner/work/vut_repo/vut_repo/spikes/mlink0/out/fx-http.o) is too small and may result in unaligned pointers 
ld: warning: alignment (4) of atom '_vut_fn_15' (/Users/runner/work/vut_repo/vut_repo/spikes/mlink0/out/fx-http.o) is too small and may result in unaligned pointers 
ld: warning: alignment (4) of atom '_vut_fn_16' (/Users/runner/work/vut_repo/vut_repo/spikes/mlink0/out/fx-http.o) is too small and may result in unaligned pointers 
ld: warning: alignment (4) of atom '_vut_fn_17' (/Users/runner/work/vut_repo/vut_repo/spikes/mlink0/out/fx-http.o) is too small and may result in unaligned pointers 
ld: warning: alignment (4) of atom '_vut_fn_28' (/Users/runner/work/vut_repo/vut_repo/spikes/mlink0/out/fx-http.o) is too small and may result in unaligned pointers 
ld: warning: alignment (4) of atom '_vut_fn_29' (/Users/runner/work/vut_repo/vut_repo/spikes/mlink0/out/fx-http.o) is too small and may result in unaligned pointers 
ld: warning: alignment (4) of atom '_vut_fn_33' (/Users/runner/work/vut_repo/vut_repo/spikes/mlink0/out/fx-http.o) is too small and may result in unaligned pointers 
ld: warning: alignment (4) of atom '_vut_fn_35' (/Users/runner/work/vut_repo/vut_repo/spikes/mlink0/out/fx-http.o) is too small and may result in unaligned pointers 
ld: warning: alignment (4) of atom '_vut_fn_61' (/Users/runner/work/vut_repo/vut_repo/spikes/mlink0/out/fx-http.o) is too small and may result in unaligned pointers 
ld: warning: alignment (4) of atom '_vut_fn_62' (/Users/runner/work/vut_repo/vut_repo/spikes/mlink0/out/fx-http.o) is too small and may result in unaligned pointers 
ld: warning: alignment (4) of atom '_vut_fn_63' (/Users/runner/work/vut_repo/vut_repo/spikes/mlink0/out/fx-http.o) is too small and may result in unaligned pointers 
ld: warning: alignment (4) of atom '_vut_fn_64' (/Users/runner/work/vut_repo/vut_repo/spikes/mlink0/out/fx-http.o) is too small and may result in unaligned pointers 
ld: warning: alignment (4) of atom '_vut_fn_65' (/Users/runner/work/vut_repo/vut_repo/spikes/mlink0/out/fx-http.o) is too small and may result in unaligned pointers 
ld: warning: alignment (4) of atom '_vut_fn_66' (/Users/runner/work/vut_repo/vut_repo/spikes/mlink0/out/fx-http.o) is too small and may result in unaligned pointers 
ld: warning: alignment (4) of atom '_vut_fn_67' (/Users/runner/work/vut_repo/vut_repo/spikes/mlink0/out/fx-http.o) is too small and may result in unaligned pointers 
ld: warning: alignment (4) of atom '_vut_fn_68' (/Users/runner/work/vut_repo/vut_repo/spikes/mlink0/out/fx-http.o) is too small and may result in unaligned pointers 
ld: warning: alignment (4) of atom '_vut_fn_69' (/Users/runner/work/vut_repo/vut_repo/spikes/mlink0/out/fx-http.o) is too small and may result in unaligned pointers 
ld: warning: alignment (4) of atom '_vut_fn_70' (/Users/runner/work/vut_repo/vut_repo/spikes/mlink0/out/fx-http.o) is too small and may result in unaligned pointers 
ld: warning: alignment (4) of atom '_vut_fn_71' (/Users/runner/work/vut_repo/vut_repo/spikes/mlink0/out/fx-http.o) is too small and may result in unaligned pointers 
ld: warning: alignment (4) of atom '_vut_fn_72' (/Users/runner/work/vut_repo/vut_repo/spikes/mlink0/out/fx-http.o) is too small and may result in unaligned pointers 
ld: warning: alignment (4) of atom '_vut_fn_73' (/Users/runner/work/vut_repo/vut_repo/spikes/mlink0/out/fx-http.o) is too small and may result in unaligned pointers 
ld: warning: alignment (4) of atom '_vut_fn_74' (/Users/runner/work/vut_repo/vut_repo/spikes/mlink0/out/fx-http.o) is too small and may result in unaligned pointers 
ld: warning: alignment (4) of atom '_vut_fn_75' (/Users/runner/work/vut_repo/vut_repo/spikes/mlink0/out/fx-http.o) is too small and may result in unaligned pointers 
ld: warning: alignment (4) of atom '_vut_fn_76' (/Users/runner/work/vut_repo/vut_repo/spikes/mlink0/out/fx-http.o) is too small and may result in unaligned pointers 
ld: warning: alignment (4) of atom '_vut_fn_77' (/Users/runner/work/vut_repo/vut_repo/spikes/mlink0/out/fx-http.o) is too small and may result in unaligned pointers 
ld: warning: alignment (4) of atom '_vut_fn_78' (/Users/runner/work/vut_repo/vut_repo/spikes/mlink0/out/fx-http.o) is too small and may result in unaligned pointers 
ld: warning: alignment (4) of atom '_vut_fn_79' (/Users/runner/work/vut_repo/vut_repo/spikes/mlink0/out/fx-http.o) is too small and may result in unaligned pointers 
ld: warning: alignment (4) of atom '_vut_fn_80' (/Users/runner/work/vut_repo/vut_repo/spikes/mlink0/out/fx-http.o) is too small and may result in unaligned pointers 
ld: warning: alignment (4) of atom '_vut_fn_81' (/Users/runner/work/vut_repo/vut_repo/spikes/mlink0/out/fx-http.o) is too small and may result in unaligned pointers 
ld: warning: alignment (4) of atom '_vut_fn_82' (/Users/runner/work/vut_repo/vut_repo/spikes/mlink0/out/fx-http.o) is too small and may result in unaligned pointers 
ld: warning: alignment (4) of atom '_vut_fn_83' (/Users/runner/work/vut_repo/vut_repo/spikes/mlink0/out/fx-http.o) is too small and may result in unaligned pointers 
ld: warning: alignment (4) of atom '_vut_fn_84' (/Users/runner/work/vut_repo/vut_repo/spikes/mlink0/out/fx-http.o) is too small and may result in unaligned pointers 
ld: warning: alignment (4) of atom '_vut_fn_85' (/Users/runner/work/vut_repo/vut_repo/spikes/mlink0/out/fx-http.o) is too small and may result in unaligned pointers 
ld: warning: alignment (4) of atom '_vut_fn_101' (/Users/runner/work/vut_repo/vut_repo/spikes/mlink0/out/fx-http.o) is too small and may result in unaligned pointers 
ld: warning: alignment (4) of atom '_vut_fn_105' (/Users/runner/work/vut_repo/vut_repo/spikes/mlink0/out/fx-http.o) is too small and may result in unaligned pointers 
ld: warning: alignment (4) of atom '_vut_fn_106' (/Users/runner/work/vut_repo/vut_repo/spikes/mlink0/out/fx-http.o) is too small and may result in unaligned pointers 
ld: warning: alignment (4) of atom '_vut_fn_116' (/Users/runner/work/vut_repo/vut_repo/spikes/mlink0/out/fx-http.o) is too small and may result in unaligned pointers 
ld: warning: alignment (4) of atom '_vut_fn_118' (/Users/runner/work/vut_repo/vut_repo/spikes/mlink0/out/fx-http.o) is too small and may result in unaligned pointers 
ld: warning: alignment (4) of atom '_vut_fn_119' (/Users/runner/work/vut_repo/vut_repo/spikes/mlink0/out/fx-http.o) is too small and may result in unaligned pointers 
ld: warning: alignment (4) of atom '_vut_fn_120' (/Users/runner/work/vut_repo/vut_repo/spikes/mlink0/out/fx-http.o) is too small and may result in unaligned pointers 
ld: warning: alignment (4) of atom '_vut_fn_121' (/Users/runner/work/vut_repo/vut_repo/spikes/mlink0/out/fx-http.o) is too small and may result in unaligned pointers 
ld: warning: alignment (4) of atom '_vut_fn_123' (/Users/runner/work/vut_repo/vut_repo/spikes/mlink0/out/fx-http.o) is too small and may result in unaligned pointers 
ld: warning: alignment (4) of atom '_vut_fn_124' (/Users/runner/work/vut_repo/vut_repo/spikes/mlink0/out/fx-http.o) is too small and may result in unaligned pointers 
ld: warning: alignment (4) of atom '_vut_fn_348' (/Users/runner/work/vut_repo/vut_repo/spikes/mlink0/out/fx-http.o) is too small and may result in unaligned pointers 
ld: warning: alignment (4) of atom '_vut_fn_130' (/Users/runner/work/vut_repo/vut_repo/spikes/mlink0/out/fx-http.o) is too small and may result in unaligned pointers 
ld: warning: alignment (4) of atom '_vut_fn_131' (/Users/runner/work/vut_repo/vut_repo/spikes/mlink0/out/fx-http.o) is too small and may result in unaligned pointers 
ld: warning: alignment (4) of atom '_vut_fn_132' (/Users/runner/work/vut_repo/vut_repo/spikes/mlink0/out/fx-http.o) is too small and may result in unaligned pointers 
ld: warning: alignment (4) of atom '_vut_fn_354' (/Users/runner/work/vut_repo/vut_repo/spikes/mlink0/out/fx-http.o) is too small and may result in unaligned pointers 
ld: warning: alignment (4) of atom '_vut_fn_355' (/Users/runner/work/vut_repo/vut_repo/spikes/mlink0/out/fx-http.o) is too small and may result in unaligned pointers 
ld: warning: alignment (4) of atom '_vut_fn_356' (/Users/runner/work/vut_repo/vut_repo/spikes/mlink0/out/fx-http.o) is too small and may result in unaligned pointers 
ld: warning: alignment (4) of atom '_vut_fn_357' (/Users/runner/work/vut_repo/vut_repo/spikes/mlink0/out/fx-http.o) is too small and may result in unaligned pointers 
ld: warning: alignment (4) of atom '_vut_fn_358' (/Users/runner/work/vut_repo/vut_repo/spikes/mlink0/out/fx-http.o) is too small and may result in unaligned pointers 
ld: warning: alignment (4) of atom '_vut_fn_359' (/Users/runner/work/vut_repo/vut_repo/spikes/mlink0/out/fx-http.o) is too small and may result in unaligned pointers 
ld: warning: alignment (4) of atom '_vut_fn_360' (/Users/runner/work/vut_repo/vut_repo/spikes/mlink0/out/fx-http.o) is too small and may result in unaligned pointers 
ld: warning: alignment (4) of atom '_vut_fn_361' (/Users/runner/work/vut_repo/vut_repo/spikes/mlink0/out/fx-http.o) is too small and may result in unaligned pointers 
ld: warning: alignment (4) of atom '_vut_fn_364' (/Users/runner/work/vut_repo/vut_repo/spikes/mlink0/out/fx-http.o) is too small and may result in unaligned pointers 
ld: warning: alignment (4) of atom '_vut_fn_137' (/Users/runner/work/vut_repo/vut_repo/spikes/mlink0/out/fx-http.o) is too small and may result in unaligned pointers 
ld: warning: alignment (4) of atom '_vut_fn_138' (/Users/runner/work/vut_repo/vut_repo/spikes/mlink0/out/fx-http.o) is too small and may result in unaligned pointers 
ld: warning: alignment (4) of atom '_vut_fn_139' (/Users/runner/work/vut_repo/vut_repo/spikes/mlink0/out/fx-http.o) is too small and may result in unaligned pointers 
ld: warning: alignment (4) of atom '_vut_fn_140' (/Users/runner/work/vut_repo/vut_repo/spikes/mlink0/out/fx-http.o) is too small and may result in unaligned pointers 
ld: warning: alignment (4) of atom '_vut_fn_366' (/Users/runner/work/vut_repo/vut_repo/spikes/mlink0/out/fx-http.o) is too small and may result in unaligned pointers 
ld: warning: alignment (4) of atom '_vut_fn_367' (/Users/runner/work/vut_repo/vut_repo/spikes/mlink0/out/fx-http.o) is too small and may result in unaligned pointers 
ld: warning: alignment (4) of atom '_vut_fn_368' (/Users/runner/work/vut_repo/vut_repo/spikes/mlink0/out/fx-http.o) is too small and may result in unaligned pointers 
ld: warning: alignment (4) of atom '_vut_fn_369' (/Users/runner/work/vut_repo/vut_repo/spikes/mlink0/out/fx-http.o) is too small and may result in unaligned pointers 
ld: warning: alignment (4) of atom '_vut_fn_142' (/Users/runner/work/vut_repo/vut_repo/spikes/mlink0/out/fx-http.o) is too small and may result in unaligned pointers 
ld: warning: alignment (4) of atom '_vut_fn_150' (/Users/runner/work/vut_repo/vut_repo/spikes/mlink0/out/fx-http.o) is too small and may result in unaligned pointers 
ld: warning: alignment (4) of atom '_vut_fn_372' (/Users/runner/work/vut_repo/vut_repo/spikes/mlink0/out/fx-http.o) is too small and may result in unaligned pointers 
ld: warning: alignment (4) of atom '_vut_fn_373' (/Users/runner/work/vut_repo/vut_repo/spikes/mlink0/out/fx-http.o) is too small and may result in unaligned pointers 
ld: warning: alignment (4) of atom '_vut_fn_374' (/Users/runner/work/vut_repo/vut_repo/spikes/mlink0/out/fx-http.o) is too small and may result in unaligned pointers 
ld: warning: alignment (4) of atom '_vut_fn_375' (/Users/runner/work/vut_repo/vut_repo/spikes/mlink0/out/fx-http.o) is too small and may result in unaligned pointers 
ld: warning: alignment (4) of atom '_vut_fn_376' (/Users/runner/work/vut_repo/vut_repo/spikes/mlink0/out/fx-http.o) is too small and may result in unaligned pointers 
ld: warning: alignment (4) of atom '_vut_fn_377' (/Users/runner/work/vut_repo/vut_repo/spikes/mlink0/out/fx-http.o) is too small and may result in unaligned pointers 
ld: warning: alignment (4) of atom '_vut_fn_378' (/Users/runner/work/vut_repo/vut_repo/spikes/mlink0/out/fx-http.o) is too small and may result in unaligned pointers 
ld: warning: alignment (4) of atom '_vut_fn_379' (/Users/runner/work/vut_repo/vut_repo/spikes/mlink0/out/fx-http.o) is too small and may result in unaligned pointers 
ld: warning: alignment (4) of atom '_vut_fn_380' (/Users/runner/work/vut_repo/vut_repo/spikes/mlink0/out/fx-http.o) is too small and may result in unaligned pointers 
ld: warning: alignment (4) of atom '_vut_fn_382' (/Users/runner/work/vut_repo/vut_repo/spikes/mlink0/out/fx-http.o) is too small and may result in unaligned pointers 
ld: warning: alignment (4) of atom '_vut_fn_383' (/Users/runner/work/vut_repo/vut_repo/spikes/mlink0/out/fx-http.o) is too small and may result in unaligned pointers 
ld: warning: alignment (4) of atom '_vut_fn_152' (/Users/runner/work/vut_repo/vut_repo/spikes/mlink0/out/fx-http.o) is too small and may result in unaligned pointers 
ld: warning: alignment (4) of atom '_vut_fn_153' (/Users/runner/work/vut_repo/vut_repo/spikes/mlink0/out/fx-http.o) is too small and may result in unaligned pointers 
ld: warning: alignment (4) of atom '_vut_fn_154' (/Users/runner/work/vut_repo/vut_repo/spikes/mlink0/out/fx-http.o) is too small and may result in unaligned pointers 
ld: warning: alignment (4) of atom '_vut_fn_155' (/Users/runner/work/vut_repo/vut_repo/spikes/mlink0/out/fx-http.o) is too small and may result in unaligned pointers 
ld: warning: alignment (4) of atom '_vut_fn_156' (/Users/runner/work/vut_repo/vut_repo/spikes/mlink0/out/fx-http.o) is too small and may result in unaligned pointers 
ld: warning: alignment (4) of atom '_vut_fn_157' (/Users/runner/work/vut_repo/vut_repo/spikes/mlink0/out/fx-http.o) is too small and may result in unaligned pointers 
ld: warning: alignment (4) of atom '_vut_fn_158' (/Users/runner/work/vut_repo/vut_repo/spikes/mlink0/out/fx-http.o) is too small and may result in unaligned pointers 
ld: warning: alignment (4) of atom '_vut_fn_159' (/Users/runner/work/vut_repo/vut_repo/spikes/mlink0/out/fx-http.o) is too small and may result in unaligned pointers 
ld: warning: alignment (4) of atom '_vut_fn_160' (/Users/runner/work/vut_repo/vut_repo/spikes/mlink0/out/fx-http.o) is too small and may result in unaligned pointers 
ld: warning: alignment (4) of atom '_vut_fn_161' (/Users/runner/work/vut_repo/vut_repo/spikes/mlink0/out/fx-http.o) is too small and may result in unaligned pointers 
ld: warning: alignment (4) of atom '_vut_fn_162' (/Users/runner/work/vut_repo/vut_repo/spikes/mlink0/out/fx-http.o) is too small and may result in unaligned pointers 
ld: warning: alignment (4) of atom '_vut_fn_163' (/Users/runner/work/vut_repo/vut_repo/spikes/mlink0/out/fx-http.o) is too small and may result in unaligned pointers 
ld: warning: alignment (4) of atom '_vut_fn_165' (/Users/runner/work/vut_repo/vut_repo/spikes/mlink0/out/fx-http.o) is too small and may result in unaligned pointers 
ld: warning: alignment (4) of atom '_vut_fn_167' (/Users/runner/work/vut_repo/vut_repo/spikes/mlink0/out/fx-http.o) is too small and may result in unaligned pointers 
ld: warning: alignment (4) of atom '_vut_fn_384' (/Users/runner/work/vut_repo/vut_repo/spikes/mlink0/out/fx-http.o) is too small and may result in unaligned pointers 
ld: warning: alignment (4) of atom '_vut_fn_168' (/Users/runner/work/vut_repo/vut_repo/spikes/mlink0/out/fx-http.o) is too small and may result in unaligned pointers 
ld: warning: alignment (4) of atom '_vut_fn_171' (/Users/runner/work/vut_repo/vut_repo/spikes/mlink0/out/fx-http.o) is too small and may result in unaligned pointers 
ld: warning: alignment (4) of atom '_vut_fn_172' (/Users/runner/work/vut_repo/vut_repo/spikes/mlink0/out/fx-http.o) is too small and may result in unaligned pointers 
ld: warning: alignment (4) of atom '_vut_fn_179' (/Users/runner/work/vut_repo/vut_repo/spikes/mlink0/out/fx-http.o) is too small and may result in unaligned pointers 
ld: warning: alignment (4) of atom '_vut_fn_181' (/Users/runner/work/vut_repo/vut_repo/spikes/mlink0/out/fx-http.o) is too small and may result in unaligned pointers 
ld: warning: alignment (4) of atom '_vut_fn_193' (/Users/runner/work/vut_repo/vut_repo/spikes/mlink0/out/fx-http.o) is too small and may result in unaligned pointers 
ld: warning: alignment (4) of atom '_vut_fn_194' (/Users/runner/work/vut_repo/vut_repo/spikes/mlink0/out/fx-http.o) is too small and may result in unaligned pointers 
ld: warning: alignment (4) of atom '_vut_fn_195' (/Users/runner/work/vut_repo/vut_repo/spikes/mlink0/out/fx-http.o) is too small and may result in unaligned pointers 
ld: warning: alignment (4) of atom '_vut_fn_196' (/Users/runner/work/vut_repo/vut_repo/spikes/mlink0/out/fx-http.o) is too small and may result in unaligned pointers 
ld: warning: alignment (4) of atom '_vut_fn_197' (/Users/runner/work/vut_repo/vut_repo/spikes/mlink0/out/fx-http.o) is too small and may result in unaligned pointers 
ld: warning: alignment (4) of atom '_vut_fn_202' (/Users/runner/work/vut_repo/vut_repo/spikes/mlink0/out/fx-http.o) is too small and may result in unaligned pointers 
ld: warning: alignment (4) of atom '_vut_fn_207' (/Users/runner/work/vut_repo/vut_repo/spikes/mlink0/out/fx-http.o) is too small and may result in unaligned pointers 
ld: warning: alignment (4) of atom '_vut_fn_208' (/Users/runner/work/vut_repo/vut_repo/spikes/mlink0/out/fx-http.o) is too small and may result in unaligned pointers 
ld: warning: alignment (4) of atom '_vut_fn_209' (/Users/runner/work/vut_repo/vut_repo/spikes/mlink0/out/fx-http.o) is too small and may result in unaligned pointers 
ld: warning: alignment (4) of atom '_vut_fn_210' (/Users/runner/work/vut_repo/vut_repo/spikes/mlink0/out/fx-http.o) is too small and may result in unaligned pointers 
ld: warning: alignment (4) of atom '_vut_fn_212' (/Users/runner/work/vut_repo/vut_repo/spikes/mlink0/out/fx-http.o) is too small and may result in unaligned pointers 
ld: warning: alignment (4) of atom '_vut_fn_213' (/Users/runner/work/vut_repo/vut_repo/spikes/mlink0/out/fx-http.o) is too small and may result in unaligned pointers 
ld: warning: alignment (4) of atom '_vut_fn_214' (/Users/runner/work/vut_repo/vut_repo/spikes/mlink0/out/fx-http.o) is too small and may result in unaligned pointers 
ld: warning: alignment (4) of atom '_vut_fn_215' (/Users/runner/work/vut_repo/vut_repo/spikes/mlink0/out/fx-http.o) is too small and may result in unaligned pointers 
ld: warning: alignment (4) of atom '_vut_fn_218' (/Users/runner/work/vut_repo/vut_repo/spikes/mlink0/out/fx-http.o) is too small and may result in unaligned pointers 
ld: warning: alignment (4) of atom '_vut_fn_219' (/Users/runner/work/vut_repo/vut_repo/spikes/mlink0/out/fx-http.o) is too small and may result in unaligned pointers 
ld: warning: alignment (4) of atom '_vut_fn_220' (/Users/runner/work/vut_repo/vut_repo/spikes/mlink0/out/fx-http.o) is too small and may result in unaligned pointers 
ld: warning: alignment (4) of atom '_vut_fn_221' (/Users/runner/work/vut_repo/vut_repo/spikes/mlink0/out/fx-http.o) is too small and may result in unaligned pointers 
ld: warning: alignment (4) of atom '_vut_fn_222' (/Users/runner/work/vut_repo/vut_repo/spikes/mlink0/out/fx-http.o) is too small and may result in unaligned pointers 
ld: warning: alignment (4) of atom '_vut_fn_223' (/Users/runner/work/vut_repo/vut_repo/spikes/mlink0/out/fx-http.o) is too small and may result in unaligned pointers 
ld: warning: alignment (4) of atom '_vut_fn_224' (/Users/runner/work/vut_repo/vut_repo/spikes/mlink0/out/fx-http.o) is too small and may result in unaligned pointers 
ld: warning: alignment (4) of atom '_vut_fn_225' (/Users/runner/work/vut_repo/vut_repo/spikes/mlink0/out/fx-http.o) is too small and may result in unaligned pointers 
ld: warning: alignment (4) of atom '_vut_fn_226' (/Users/runner/work/vut_repo/vut_repo/spikes/mlink0/out/fx-http.o) is too small and may result in unaligned pointers 
ld: warning: alignment (4) of atom '_vut_fn_227' (/Users/runner/work/vut_repo/vut_repo/spikes/mlink0/out/fx-http.o) is too small and may result in unaligned pointers 
ld: warning: alignment (4) of atom '_vut_fn_228' (/Users/runner/work/vut_repo/vut_repo/spikes/mlink0/out/fx-http.o) is too small and may result in unaligned pointers 
ld: warning: alignment (4) of atom '_vut_fn_229' (/Users/runner/work/vut_repo/vut_repo/spikes/mlink0/out/fx-http.o) is too small and may result in unaligned pointers 
ld: warning: alignment (4) of atom '_vut_fn_230' (/Users/runner/work/vut_repo/vut_repo/spikes/mlink0/out/fx-http.o) is too small and may result in unaligned pointers 
ld: warning: alignment (4) of atom '_vut_fn_231' (/Users/runner/work/vut_repo/vut_repo/spikes/mlink0/out/fx-http.o) is too small and may result in unaligned pointers 
ld: warning: alignment (4) of atom '_vut_fn_232' (/Users/runner/work/vut_repo/vut_repo/spikes/mlink0/out/fx-http.o) is too small and may result in unaligned pointers 
ld: warning: alignment (4) of atom '_vut_fn_233' (/Users/runner/work/vut_repo/vut_repo/spikes/mlink0/out/fx-http.o) is too small and may result in unaligned pointers 
ld: warning: alignment (4) of atom '_vut_fn_234' (/Users/runner/work/vut_repo/vut_repo/spikes/mlink0/out/fx-http.o) is too small and may result in unaligned pointers 
ld: warning: alignment (4) of atom '_vut_fn_235' (/Users/runner/work/vut_repo/vut_repo/spikes/mlink0/out/fx-http.o) is too small and may result in unaligned pointers 
ld: warning: alignment (4) of atom '_vut_fn_236' (/Users/runner/work/vut_repo/vut_repo/spikes/mlink0/out/fx-http.o) is too small and may result in unaligned pointers 
ld: warning: alignment (4) of atom '_vut_fn_394' (/Users/runner/work/vut_repo/vut_repo/spikes/mlink0/out/fx-http.o) is too small and may result in unaligned pointers 
ld: warning: alignment (4) of atom '_vut_fn_395' (/Users/runner/work/vut_repo/vut_repo/spikes/mlink0/out/fx-http.o) is too small and may result in unaligned pointers 
ld: warning: alignment (4) of atom '_vut_fn_396' (/Users/runner/work/vut_repo/vut_repo/spikes/mlink0/out/fx-http.o) is too small and may result in unaligned pointers 
ld: warning: alignment (4) of atom '_vut_fn_397' (/Users/runner/work/vut_repo/vut_repo/spikes/mlink0/out/fx-http.o) is too small and may result in unaligned pointers 
ld: warning: alignment (4) of atom '_vut_fn_398' (/Users/runner/work/vut_repo/vut_repo/spikes/mlink0/out/fx-http.o) is too small and may result in unaligned pointers 
ld: warning: alignment (4) of atom '_vut_fn_399' (/Users/runner/work/vut_repo/vut_repo/spikes/mlink0/out/fx-http.o) is too small and may result in unaligned pointers 
ld: warning: alignment (4) of atom '_vut_fn_401' (/Users/runner/work/vut_repo/vut_repo/spikes/mlink0/out/fx-http.o) is too small and may result in unaligned pointers 
ld: warning: alignment (4) of atom '_vut_fn_402' (/Users/runner/work/vut_repo/vut_repo/spikes/mlink0/out/fx-http.o) is too small and may result in unaligned pointers 
ld: warning: alignment (4) of atom '_vut_fn_237' (/Users/runner/work/vut_repo/vut_repo/spikes/mlink0/out/fx-http.o) is too small and may result in unaligned pointers 
ld: warning: alignment (4) of atom '_vut_fn_403' (/Users/runner/work/vut_repo/vut_repo/spikes/mlink0/out/fx-http.o) is too small and may result in unaligned pointers 
ld: warning: alignment (4) of atom '_vut_fn_404' (/Users/runner/work/vut_repo/vut_repo/spikes/mlink0/out/fx-http.o) is too small and may result in unaligned pointers 
ld: warning: alignment (4) of atom '_vut_fn_238' (/Users/runner/work/vut_repo/vut_repo/spikes/mlink0/out/fx-http.o) is too small and may result in unaligned pointers 
ld: warning: alignment (4) of atom '_vut_fn_405' (/Users/runner/work/vut_repo/vut_repo/spikes/mlink0/out/fx-http.o) is too small and may result in unaligned pointers 
ld: warning: alignment (4) of atom '_vut_fn_246' (/Users/runner/work/vut_repo/vut_repo/spikes/mlink0/out/fx-http.o) is too small and may result in unaligned pointers 
ld: warning: alignment (4) of atom '_vut_fn_247' (/Users/runner/work/vut_repo/vut_repo/spikes/mlink0/out/fx-http.o) is too small and may result in unaligned pointers 
ld: warning: alignment (4) of atom '_vut_fn_253' (/Users/runner/work/vut_repo/vut_repo/spikes/mlink0/out/fx-http.o) is too small and may result in unaligned pointers 
ld: warning: alignment (4) of atom '_vut_fn_254' (/Users/runner/work/vut_repo/vut_repo/spikes/mlink0/out/fx-http.o) is too small and may result in unaligned pointers 
ld: warning: alignment (4) of atom '_vut_fn_255' (/Users/runner/work/vut_repo/vut_repo/spikes/mlink0/out/fx-http.o) is too small and may result in unaligned pointers 
ld: warning: alignment (4) of atom '_vut_fn_256' (/Users/runner/work/vut_repo/vut_repo/spikes/mlink0/out/fx-http.o) is too small and may result in unaligned pointers 
ld: warning: alignment (4) of atom '_vut_fn_257' (/Users/runner/work/vut_repo/vut_repo/spikes/mlink0/out/fx-http.o) is too small and may result in unaligned pointers 
ld: warning: alignment (4) of atom '_vut_fn_258' (/Users/runner/work/vut_repo/vut_repo/spikes/mlink0/out/fx-http.o) is too small and may result in unaligned pointers 
ld: warning: alignment (4) of atom '_vut_fn_259' (/Users/runner/work/vut_repo/vut_repo/spikes/mlink0/out/fx-http.o) is too small and may result in unaligned pointers 
ld: warning: alignment (4) of atom '_vut_fn_260' (/Users/runner/work/vut_repo/vut_repo/spikes/mlink0/out/fx-http.o) is too small and may result in unaligned pointers 
ld: warning: alignment (4) of atom '_vut_fn_261' (/Users/runner/work/vut_repo/vut_repo/spikes/mlink0/out/fx-http.o) is too small and may result in unaligned pointers 
ld: warning: alignment (4) of atom '_vut_fn_272' (/Users/runner/work/vut_repo/vut_repo/spikes/mlink0/out/fx-http.o) is too small and may result in unaligned pointers 
ld: warning: alignment (4) of atom '_vut_fn_277' (/Users/runner/work/vut_repo/vut_repo/spikes/mlink0/out/fx-http.o) is too small and may result in unaligned pointers 
ld: warning: alignment (4) of atom '_vut_fn_278' (/Users/runner/work/vut_repo/vut_repo/spikes/mlink0/out/fx-http.o) is too small and may result in unaligned pointers 
ld: warning: alignment (4) of atom '_vut_fn_279' (/Users/runner/work/vut_repo/vut_repo/spikes/mlink0/out/fx-http.o) is too small and may result in unaligned pointers 
ld: warning: alignment (4) of atom '_vut_fn_280' (/Users/runner/work/vut_repo/vut_repo/spikes/mlink0/out/fx-http.o) is too small and may result in unaligned pointers 
ld: warning: alignment (4) of atom '_vut_fn_281' (/Users/runner/work/vut_repo/vut_repo/spikes/mlink0/out/fx-http.o) is too small and may result in unaligned pointers 
ld: warning: alignment (4) of atom '_vut_fn_282' (/Users/runner/work/vut_repo/vut_repo/spikes/mlink0/out/fx-http.o) is too small and may result in unaligned pointers 
ld: warning: alignment (4) of atom '_vut_fn_283' (/Users/runner/work/vut_repo/vut_repo/spikes/mlink0/out/fx-http.o) is too small and may result in unaligned pointers 
ld: warning: alignment (4) of atom '_vut_fn_284' (/Users/runner/work/vut_repo/vut_repo/spikes/mlink0/out/fx-http.o) is too small and may result in unaligned pointers 
ld: warning: alignment (4) of atom '_vut_fn_285' (/Users/runner/work/vut_repo/vut_repo/spikes/mlink0/out/fx-http.o) is too small and may result in unaligned pointers 
ld: warning: alignment (4) of atom '_vut_fn_286' (/Users/runner/work/vut_repo/vut_repo/spikes/mlink0/out/fx-http.o) is too small and may result in unaligned pointers 
ld: warning: alignment (4) of atom '_vut_fn_287' (/Users/runner/work/vut_repo/vut_repo/spikes/mlink0/out/fx-http.o) is too small and may result in unaligned pointers 
ld: warning: alignment (4) of atom '_vut_fn_288' (/Users/runner/work/vut_repo/vut_repo/spikes/mlink0/out/fx-http.o) is too small and may result in unaligned pointers 
ld: warning: alignment (4) of atom '_vut_fn_289' (/Users/runner/work/vut_repo/vut_repo/spikes/mlink0/out/fx-http.o) is too small and may result in unaligned pointers 
ld: warning: alignment (4) of atom '_vut_fn_290' (/Users/runner/work/vut_repo/vut_repo/spikes/mlink0/out/fx-http.o) is too small and may result in unaligned pointers 
ld: warning: alignment (4) of atom '_vut_fn_291' (/Users/runner/work/vut_repo/vut_repo/spikes/mlink0/out/fx-http.o) is too small and may result in unaligned pointers 
ld: warning: alignment (4) of atom '_vut_fn_293' (/Users/runner/work/vut_repo/vut_repo/spikes/mlink0/out/fx-http.o) is too small and may result in unaligned pointers 
ld: warning: alignment (4) of atom '_vut_fn_294' (/Users/runner/work/vut_repo/vut_repo/spikes/mlink0/out/fx-http.o) is too small and may result in unaligned pointers 
ld: warning: alignment (4) of atom '_vut_fn_295' (/Users/runner/work/vut_repo/vut_repo/spikes/mlink0/out/fx-http.o) is too small and may result in unaligned pointers 
ld: warning: alignment (4) of atom '_vut_fn_296' (/Users/runner/work/vut_repo/vut_repo/spikes/mlink0/out/fx-http.o) is too small and may result in unaligned pointers 
ld: warning: alignment (4) of atom '_vut_fn_297' (/Users/runner/work/vut_repo/vut_repo/spikes/mlink0/out/fx-http.o) is too small and may result in unaligned pointers 
ld: warning: alignment (4) of atom '_vut_fn_298' (/Users/runner/work/vut_repo/vut_repo/spikes/mlink0/out/fx-http.o) is too small and may result in unaligned pointers 
ld: warning: alignment (4) of atom '_vut_fn_299' (/Users/runner/work/vut_repo/vut_repo/spikes/mlink0/out/fx-http.o) is too small and may result in unaligned pointers 
ld: warning: alignment (4) of atom '_vut_fn_300' (/Users/runner/work/vut_repo/vut_repo/spikes/mlink0/out/fx-http.o) is too small and may result in unaligned pointers 
ld: warning: alignment (4) of atom '_vut_fn_305' (/Users/runner/work/vut_repo/vut_repo/spikes/mlink0/out/fx-http.o) is too small and may result in unaligned pointers 
ld: warning: alignment (4) of atom '_vut_fn_306' (/Users/runner/work/vut_repo/vut_repo/spikes/mlink0/out/fx-http.o) is too small and may result in unaligned pointers 
ld: warning: alignment (4) of atom '_vut_fn_307' (/Users/runner/work/vut_repo/vut_repo/spikes/mlink0/out/fx-http.o) is too small and may result in unaligned pointers 
ld: warning: alignment (4) of atom '_vut_fn_308' (/Users/runner/work/vut_repo/vut_repo/spikes/mlink0/out/fx-http.o) is too small and may result in unaligned pointers 
ld: warning: alignment (4) of atom '_vut_fn_314' (/Users/runner/work/vut_repo/vut_repo/spikes/mlink0/out/fx-http.o) is too small and may result in unaligned pointers 
ld: warning: alignment (4) of atom '_vut_fn_315' (/Users/runner/work/vut_repo/vut_repo/spikes/mlink0/out/fx-http.o) is too small and may result in unaligned pointers 
ld: warning: alignment (4) of atom '_vut_fn_322' (/Users/runner/work/vut_repo/vut_repo/spikes/mlink0/out/fx-http.o) is too small and may result in unaligned pointers 
ld: warning: alignment (4) of atom '_vut_fn_323' (/Users/runner/work/vut_repo/vut_repo/spikes/mlink0/out/fx-http.o) is too small and may result in unaligned pointers 
ld: warning: alignment (4) of atom '_vut_fn_327' (/Users/runner/work/vut_repo/vut_repo/spikes/mlink0/out/fx-http.o) is too small and may result in unaligned pointers 
ld: warning: alignment (4) of atom '_vut_fn_328' (/Users/runner/work/vut_repo/vut_repo/spikes/mlink0/out/fx-http.o) is too small and may result in unaligned pointers 
ld: warning: alignment (4) of atom '_vut_fn_329' (/Users/runner/work/vut_repo/vut_repo/spikes/mlink0/out/fx-http.o) is too small and may result in unaligned pointers 
ld: warning: alignment (4) of atom '_vut_future_drop_373' (/Users/runner/work/vut_repo/vut_repo/spikes/mlink0/out/fx-http.o) is too small and may result in unaligned pointers 
ld: warning: alignment (4) of atom '_vut_future_drop_374' (/Users/runner/work/vut_repo/vut_repo/spikes/mlink0/out/fx-http.o) is too small and may result in unaligned pointers 
ld: warning: alignment (4) of atom '_vut_future_drop_375' (/Users/runner/work/vut_repo/vut_repo/spikes/mlink0/out/fx-http.o) is too small and may result in unaligned pointers 
ld: warning: alignment (4) of atom '_vut_future_drop_376' (/Users/runner/work/vut_repo/vut_repo/spikes/mlink0/out/fx-http.o) is too small and may result in unaligned pointers 
ld: warning: alignment (4) of atom '_vut_future_drop_377' (/Users/runner/work/vut_repo/vut_repo/spikes/mlink0/out/fx-http.o) is too small and may result in unaligned pointers 
ld: warning: alignment (4) of atom '_vut_future_drop_378' (/Users/runner/work/vut_repo/vut_repo/spikes/mlink0/out/fx-http.o) is too small and may result in unaligned pointers 
ld: warning: alignment (4) of atom '_vut_future_drop_379' (/Users/runner/work/vut_repo/vut_repo/spikes/mlink0/out/fx-http.o) is too small and may result in unaligned pointers 
ld: warning: alignment (4) of atom '_vut_future_drop_382' (/Users/runner/work/vut_repo/vut_repo/spikes/mlink0/out/fx-http.o) is too small and may result in unaligned pointers 
ld: warning: alignment (4) of atom '_vut_future_drop_152' (/Users/runner/work/vut_repo/vut_repo/spikes/mlink0/out/fx-http.o) is too small and may result in unaligned pointers 
ld: warning: alignment (4) of atom '_vut_future_drop_153' (/Users/runner/work/vut_repo/vut_repo/spikes/mlink0/out/fx-http.o) is too small and may result in unaligned pointers 
ld: warning: alignment (4) of atom '_vut_future_drop_154' (/Users/runner/work/vut_repo/vut_repo/spikes/mlink0/out/fx-http.o) is too small and may result in unaligned pointers 
ld: warning: alignment (4) of atom '_vut_future_drop_155' (/Users/runner/work/vut_repo/vut_repo/spikes/mlink0/out/fx-http.o) is too small and may result in unaligned pointers 
ld: warning: alignment (4) of atom '_vut_future_drop_156' (/Users/runner/work/vut_repo/vut_repo/spikes/mlink0/out/fx-http.o) is too small and may result in unaligned pointers 
ld: warning: alignment (4) of atom '_vut_future_drop_158' (/Users/runner/work/vut_repo/vut_repo/spikes/mlink0/out/fx-http.o) is too small and may result in unaligned pointers 
ld: warning: alignment (4) of atom '_vut_future_drop_159' (/Users/runner/work/vut_repo/vut_repo/spikes/mlink0/out/fx-http.o) is too small and may result in unaligned pointers 
ld: warning: alignment (4) of atom '_vut_future_drop_160' (/Users/runner/work/vut_repo/vut_repo/spikes/mlink0/out/fx-http.o) is too small and may result in unaligned pointers 
ld: warning: alignment (4) of atom '_vut_future_drop_161' (/Users/runner/work/vut_repo/vut_repo/spikes/mlink0/out/fx-http.o) is too small and may result in unaligned pointers 
ld: warning: alignment (4) of atom '_vut_future_drop_162' (/Users/runner/work/vut_repo/vut_repo/spikes/mlink0/out/fx-http.o) is too small and may result in unaligned pointers 
ld: warning: alignment (4) of atom '_vut_future_drop_163' (/Users/runner/work/vut_repo/vut_repo/spikes/mlink0/out/fx-http.o) is too small and may result in unaligned pointers 
ld: warning: alignment (4) of atom '_vut_future_drop_384' (/Users/runner/work/vut_repo/vut_repo/spikes/mlink0/out/fx-http.o) is too small and may result in unaligned pointers 
ld: warning: alignment (4) of atom '_vut_future_drop_261' (/Users/runner/work/vut_repo/vut_repo/spikes/mlink0/out/fx-http.o) is too small and may result in unaligned pointers 
ld: warning: alignment (4) of atom '_vut_type_retain_5' (/Users/runner/work/vut_repo/vut_repo/spikes/mlink0/out/fx-http.o) is too small and may result in unaligned pointers 
ld: warning: alignment (4) of atom '_vut_type_release_5' (/Users/runner/work/vut_repo/vut_repo/spikes/mlink0/out/fx-http.o) is too small and may result in unaligned pointers 
ld: warning: alignment (4) of atom '_vut_type_retain_24' (/Users/runner/work/vut_repo/vut_repo/spikes/mlink0/out/fx-http.o) is too small and may result in unaligned pointers 
ld: warning: alignment (4) of atom '_vut_type_release_24' (/Users/runner/work/vut_repo/vut_repo/spikes/mlink0/out/fx-http.o) is too small and may result in unaligned pointers 
ld: warning: alignment (4) of atom '_vut_entry' (/Users/runner/work/vut_repo/vut_repo/spikes/mlink0/out/fx-http.o) is too small and may result in unaligned pointers 
ld: warning: object file (/Users/runner/work/vut_repo/vut_repo/target/debug/libvut_stdlib_native.a[78](bc1b343226bc6a17-a_object.o)) was built for newer 'macOS' version (26.5) than being linked (26.0)
ld: warning: object file (/Users/runner/work/vut_repo/vut_repo/target/debug/libvut_stdlib_native.a[88](bc1b343226bc6a17-posix_time.o)) was built for newer 'macOS' version (26.5) than being linked (26.0)
ld: warning: object file (/Users/runner/work/vut_repo/vut_repo/target/debug/libvut_stdlib_native.a[96](76322f89f5cc2d96-bio.o)) was built for newer 'macOS' version (26.5) than being linked (26.0)
ld: warning: object file (/Users/runner/work/vut_repo/vut_repo/target/debug/libvut_stdlib_native.a[103](76322f89f5cc2d96-file.o)) was built for newer 'macOS' version (26.5) than being linked (26.0)
ld: warning: object file (/Users/runner/work/vut_repo/vut_repo/target/debug/libvut_stdlib_native.a[107](76322f89f5cc2d96-printf.o)) was built for newer 'macOS' version (26.5) than being linked (26.0)
ld: warning: object file (/Users/runner/work/vut_repo/vut_repo/target/debug/libvut_stdlib_native.a[110](62e235b24f99f4ff-blake2.o)) was built for newer 'macOS' version (26.5) than being linked (26.0)
ld: warning: object file (/Users/runner/work/vut_repo/vut_repo/target/debug/libvut_stdlib_native.a[111](7a596fe31a02c0e2-bn_asn1.o)) was built for newer 'macOS' version (26.5) than being linked (26.0)
ld: warning: object file (/Users/runner/work/vut_repo/vut_repo/target/debug/libvut_stdlib_native.a[112](7a596fe31a02c0e2-convert.o)) was built for newer 'macOS' version (26.5) than being linked (26.0)
ld: warning: object file (/Users/runner/work/vut_repo/vut_repo/target/debug/libvut_stdlib_native.a[114](c4fcddba145918af-asn1_compat.o)) was built for newer 'macOS' version (26.5) than being linked (26.0)
ld: warning: object file (/Users/runner/work/vut_repo/vut_repo/target/debug/libvut_stdlib_native.a[116](c4fcddba145918af-cbb.o)) was built for newer 'macOS' version (26.5) than being linked (26.0)
ld: warning: object file (/Users/runner/work/vut_repo/vut_repo/target/debug/libvut_stdlib_native.a[117](c4fcddba145918af-cbs.o)) was built for newer 'macOS' version (26.5) than being linked (26.0)
ld: warning: object file (/Users/runner/work/vut_repo/vut_repo/target/debug/libvut_stdlib_native.a[119](a6455f51a2435c3f-chacha.o)) was built for newer 'macOS' version (26.5) than being linked (26.0)
ld: warning: object file (/Users/runner/work/vut_repo/vut_repo/target/debug/libvut_stdlib_native.a[124](89981633f66afe17-e_aesgcmsiv.o)) was built for newer 'macOS' version (26.5) than being linked (26.0)
ld: warning: object file (/Users/runner/work/vut_repo/vut_repo/target/debug/libvut_stdlib_native.a[127](89981633f66afe17-e_chacha20poly1305.o)) was built for newer 'macOS' version (26.5) than being linked (26.0)
ld: warning: object file (/Users/runner/work/vut_repo/vut_repo/target/debug/libvut_stdlib_native.a[128](89981633f66afe17-e_des.o)) was built for newer 'macOS' version (26.5) than being linked (26.0)
ld: warning: object file (/Users/runner/work/vut_repo/vut_repo/target/debug/libvut_stdlib_native.a[135](763c374fde874a6d-console.o)) was built for newer 'macOS' version (26.5) than being linked (26.0)
ld: warning: object file (/Users/runner/work/vut_repo/vut_repo/target/debug/libvut_stdlib_native.a[136](30a9a10d3f98970e-crypto.o)) was built for newer 'macOS' version (26.5) than being linked (26.0)
ld: warning: object file (/Users/runner/work/vut_repo/vut_repo/target/debug/libvut_stdlib_native.a[141](175e87304cd4663c-cfb.o)) was built for newer 'macOS' version (26.5) than being linked (26.0)
ld: warning: object file (/Users/runner/work/vut_repo/vut_repo/target/debug/libvut_stdlib_native.a[145](199386740f3660f1-ripemd.o)) was built for newer 'macOS' version (26.5) than being linked (26.0)
ld: warning: object file (/Users/runner/work/vut_repo/vut_repo/target/debug/libvut_stdlib_native.a[148](da5030c6f3330e8d-des.o)) was built for newer 'macOS' version (26.5) than being linked (26.0)
ld: warning: object file (/Users/runner/work/vut_repo/vut_repo/target/debug/libvut_stdlib_native.a[149](c1300545a7d60e2b-dh_asn1.o)) was built for newer 'macOS' version (26.5) than being linked (26.0)
ld: warning: object file (/Users/runner/work/vut_repo/vut_repo/target/debug/libvut_stdlib_native.a[150](c1300545a7d60e2b-params.o)) was built for newer 'macOS' version (26.5) than being linked (26.0)
ld: warning: object file (/Users/runner/work/vut_repo/vut_repo/target/debug/libvut_stdlib_native.a[151](e71c6558e17b1ce7-digest_extra.o)) was built for newer 'macOS' version (26.5) than being linked (26.0)
ld: warning: object file (/Users/runner/work/vut_repo/vut_repo/target/debug/libvut_stdlib_native.a[152](fb1f39df2ea6f08f-dsa.o)) was built for newer 'macOS' version (26.5) than being linked (26.0)
ld: warning: object file (/Users/runner/work/vut_repo/vut_repo/target/debug/libvut_stdlib_native.a[153](fb1f39df2ea6f08f-dsa_asn1.o)) was built for newer 'macOS' version (26.5) than being linked (26.0)
ld: warning: object file (/Users/runner/work/vut_repo/vut_repo/target/debug/libvut_stdlib_native.a[155](0c919c82d61b4518-ecdsa_asn1.o)) was built for newer 'macOS' version (26.5) than being linked (26.0)
ld: warning: object file (/Users/runner/work/vut_repo/vut_repo/target/debug/libvut_stdlib_native.a[156](dfe446faf29f8012-ec_asn1.o)) was built for newer 'macOS' version (26.5) than being linked (26.0)
ld: warning: object file (/Users/runner/work/vut_repo/vut_repo/target/debug/libvut_stdlib_native.a[157](dfe446faf29f8012-ec_brainpool.o)) was built for newer 'macOS' version (26.5) than being linked (26.0)
ld: warning: object file (/Users/runner/work/vut_repo/vut_repo/target/debug/libvut_stdlib_native.a[160](dcb7d53a9be33b0c-engine.o)) was built for newer 'macOS' version (26.5) than being linked (26.0)
ld: warning: object file (/Users/runner/work/vut_repo/vut_repo/target/debug/libvut_stdlib_native.a[161](a3e95cd5f24d649a-err.o)) was built for newer 'macOS' version (26.5) than being linked (26.0)
ld: warning: object file (/Users/runner/work/vut_repo/vut_repo/target/debug/libvut_stdlib_native.a[162](7510312e0f5aa0be-evp_asn1.o)) was built for newer 'macOS' version (26.5) than being linked (26.0)
ld: warning: object file (/Users/runner/work/vut_repo/vut_repo/target/debug/libvut_stdlib_native.a[163](7510312e0f5aa0be-print.o)) was built for newer 'macOS' version (26.5) than being linked (26.0)
ld: warning: object file (/Users/runner/work/vut_repo/vut_repo/target/debug/libvut_stdlib_native.a[164](7510312e0f5aa0be-p_dh.o)) was built for newer 'macOS' version (26.5) than being linked (26.0)
ld: warning: object file (/Users/runner/work/vut_repo/vut_repo/target/debug/libvut_stdlib_native.a[165](7510312e0f5aa0be-p_dh_asn1.o)) was built for newer 'macOS' version (26.5) than being linked (26.0)
ld: warning: object file (/Users/runner/work/vut_repo/vut_repo/target/debug/libvut_stdlib_native.a[166](7510312e0f5aa0be-p_dsa.o)) was built for newer 'macOS' version (26.5) than being linked (26.0)
ld: warning: object file (/Users/runner/work/vut_repo/vut_repo/target/debug/libvut_stdlib_native.a[167](7510312e0f5aa0be-p_dsa_asn1.o)) was built for newer 'macOS' version (26.5) than being linked (26.0)
ld: warning: object file (/Users/runner/work/vut_repo/vut_repo/target/debug/libvut_stdlib_native.a[168](7510312e0f5aa0be-p_ec_asn1.o)) was built for newer 'macOS' version (26.5) than being linked (26.0)
ld: warning: object file (/Users/runner/work/vut_repo/vut_repo/target/debug/libvut_stdlib_native.a[169](7510312e0f5aa0be-p_ed25519_asn1.o)) was built for newer 'macOS' version (26.5) than being linked (26.0)
ld: warning: object file (/Users/runner/work/vut_repo/vut_repo/target/debug/libvut_stdlib_native.a[170](7510312e0f5aa0be-p_hmac_asn1.o)) was built for newer 'macOS' version (26.5) than being linked (26.0)
ld: warning: object file (/Users/runner/work/vut_repo/vut_repo/target/debug/libvut_stdlib_native.a[171](7510312e0f5aa0be-p_kem_asn1.o)) was built for newer 'macOS' version (26.5) than being linked (26.0)
ld: warning: object file (/Users/runner/work/vut_repo/vut_repo/target/debug/libvut_stdlib_native.a[172](7510312e0f5aa0be-p_methods.o)) was built for newer 'macOS' version (26.5) than being linked (26.0)
ld: warning: object file (/Users/runner/work/vut_repo/vut_repo/target/debug/libvut_stdlib_native.a[173](7510312e0f5aa0be-p_pqdsa_asn1.o)) was built for newer 'macOS' version (26.5) than being linked (26.0)
ld: warning: object file (/Users/runner/work/vut_repo/vut_repo/target/debug/libvut_stdlib_native.a[174](7510312e0f5aa0be-p_rsa_asn1.o)) was built for newer 'macOS' version (26.5) than being linked (26.0)
ld: warning: object file (/Users/runner/work/vut_repo/vut_repo/target/debug/libvut_stdlib_native.a[175](7510312e0f5aa0be-p_x25519.o)) was built for newer 'macOS' version (26.5) than being linked (26.0)
ld: warning: object file (/Users/runner/work/vut_repo/vut_repo/target/debug/libvut_stdlib_native.a[176](7510312e0f5aa0be-p_x25519_asn1.o)) was built for newer 'macOS' version (26.5) than being linked (26.0)
ld: warning: object file (/Users/runner/work/vut_repo/vut_repo/target/debug/libvut_stdlib_native.a[179](30a9a10d3f98970e-ex_data.o)) was built for newer 'macOS' version (26.5) than being linked (26.0)
ld: warning: object file (/Users/runner/work/vut_repo/vut_repo/target/debug/libvut_stdlib_native.a[180](f8e4fd781484bd36-bcm.o)) was built for newer 'macOS' version (26.5) than being linked (26.0)
ld: warning: object file (/Users/runner/work/vut_repo/vut_repo/target/debug/libvut_stdlib_native.a[181](001247bc65c2f5e5-cpucap.o)) was built for newer 'macOS' version (26.5) than being linked (26.0)
ld: warning: object file (/Users/runner/work/vut_repo/vut_repo/target/debug/libvut_stdlib_native.a[184](745212361bfcab17-keccak.o)) was built for newer 'macOS' version (26.5) than being linked (26.0)
ld: warning: object file (/Users/runner/work/vut_repo/vut_repo/target/debug/libvut_stdlib_native.a[185](ea2b51a0b6630529-lhash.o)) was built for newer 'macOS' version (26.5) than being linked (26.0)
ld: warning: object file (/Users/runner/work/vut_repo/vut_repo/target/debug/libvut_stdlib_native.a[186](6e985d8b17b56a49-md4.o)) was built for newer 'macOS' version (26.5) than being linked (26.0)
ld: warning: object file (/Users/runner/work/vut_repo/vut_repo/target/debug/libvut_stdlib_native.a[187](30a9a10d3f98970e-mem.o)) was built for newer 'macOS' version (26.5) than being linked (26.0)
ld: warning: object file (/Users/runner/work/vut_repo/vut_repo/target/debug/libvut_stdlib_native.a[188](7ac4c9359514b807-obj.o)) was built for newer 'macOS' version (26.5) than being linked (26.0)
ld: warning: object file (/Users/runner/work/vut_repo/vut_repo/target/debug/libvut_stdlib_native.a[189](7ac4c9359514b807-obj_xref.o)) was built for newer 'macOS' version (26.5) than being linked (26.0)
ld: warning: object file (/Users/runner/work/vut_repo/vut_repo/target/debug/libvut_stdlib_native.a[213](5d4700fda13603f0-poly1305.o)) was built for newer 'macOS' version (26.5) than being linked (26.0)
ld: warning: object file (/Users/runner/work/vut_repo/vut_repo/target/debug/libvut_stdlib_native.a[219](7bf3e571b6558a6b-getentropy.o)) was built for newer 'macOS' version (26.5) than being linked (26.0)
ld: warning: object file (/Users/runner/work/vut_repo/vut_repo/target/debug/libvut_stdlib_native.a[222](7bf3e571b6558a6b-vm_ube_fallback.o)) was built for newer 'macOS' version (26.5) than being linked (26.0)
ld: warning: object file (/Users/runner/work/vut_repo/vut_repo/target/debug/libvut_stdlib_native.a[225](30a9a10d3f98970e-refcount_c11.o)) was built for newer 'macOS' version (26.5) than being linked (26.0)
ld: warning: object file (/Users/runner/work/vut_repo/vut_repo/target/debug/libvut_stdlib_native.a[228](b0fd2550ab09b04e-rsassa_pss_asn1.o)) was built for newer 'macOS' version (26.5) than being linked (26.0)
ld: warning: object file (/Users/runner/work/vut_repo/vut_repo/target/debug/libvut_stdlib_native.a[229](b0fd2550ab09b04e-rsa_asn1.o)) was built for newer 'macOS' version (26.5) than being linked (26.0)
ld: warning: object file (/Users/runner/work/vut_repo/vut_repo/target/debug/libvut_stdlib_native.a[230](b0fd2550ab09b04e-rsa_crypt.o)) was built for newer 'macOS' version (26.5) than being linked (26.0)
ld: warning: object file (/Users/runner/work/vut_repo/vut_repo/target/debug/libvut_stdlib_native.a[234](60df219e9fcbc210-stack.o)) was built for newer 'macOS' version (26.5) than being linked (26.0)
ld: warning: object file (/Users/runner/work/vut_repo/vut_repo/target/debug/libvut_stdlib_native.a[237](30a9a10d3f98970e-thread_pthread.o)) was built for newer 'macOS' version (26.5) than being linked (26.0)
ld: warning: object file (/Users/runner/work/vut_repo/vut_repo/target/debug/libvut_stdlib_native.a[242](45070f5a112d041b-fork_ube_detect.o)) was built for newer 'macOS' version (26.5) than being linked (26.0)
ld: warning: object file (/Users/runner/work/vut_repo/vut_repo/target/debug/libvut_stdlib_native.a[243](45070f5a112d041b-ube.o)) was built for newer 'macOS' version (26.5) than being linked (26.0)
ld: warning: object file (/Users/runner/work/vut_repo/vut_repo/target/debug/libvut_stdlib_native.a[244](45070f5a112d041b-vm_ube_detect.o)) was built for newer 'macOS' version (26.5) than being linked (26.0)
ld: warning: object file (/Users/runner/work/vut_repo/vut_repo/target/debug/libvut_stdlib_native.a[316](c2f744a0f6403e0c-err_data.o)) was built for newer 'macOS' version (26.5) than being linked (26.0)
ld: warning: object file (/Users/runner/work/vut_repo/vut_repo/target/debug/libvut_stdlib_native.a[317](044d1b1af49c8a28-mldsa_intt_aarch64_asm.o)) was built for newer 'macOS' version (26.5) than being linked (26.0)
ld: warning: object file (/Users/runner/work/vut_repo/vut_repo/target/debug/libvut_stdlib_native.a[318](044d1b1af49c8a28-mldsa_ntt_aarch64_asm.o)) was built for newer 'macOS' version (26.5) than being linked (26.0)
ld: warning: object file (/Users/runner/work/vut_repo/vut_repo/target/debug/libvut_stdlib_native.a[319](044d1b1af49c8a28-mldsa_pointwise_montgomery_aarch64_asm.o)) was built for newer 'macOS' version (26.5) than being linked (26.0)
ld: warning: object file (/Users/runner/work/vut_repo/vut_repo/target/debug/libvut_stdlib_native.a[320](044d1b1af49c8a28-mldsa_polyvecl_pointwise_acc_montgomery_l4_aarch64_asm.o)) was built for newer 'macOS' version (26.5) than being linked (26.0)
ld: warning: object file (/Users/runner/work/vut_repo/vut_repo/target/debug/libvut_stdlib_native.a[321](044d1b1af49c8a28-mldsa_polyvecl_pointwise_acc_montgomery_l5_aarch64_asm.o)) was built for newer 'macOS' version (26.5) than being linked (26.0)
ld: warning: object file (/Users/runner/work/vut_repo/vut_repo/target/debug/libvut_stdlib_native.a[322](044d1b1af49c8a28-mldsa_polyvecl_pointwise_acc_montgomery_l7_aarch64_asm.o)) was built for newer 'macOS' version (26.5) than being linked (26.0)
ld: warning: object file (/Users/runner/work/vut_repo/vut_repo/target/debug/libvut_stdlib_native.a[323](044d1b1af49c8a28-mldsa_polyz_unpack_17_aarch64_asm.o)) was built for newer 'macOS' version (26.5) than being linked (26.0)
ld: warning: object file (/Users/runner/work/vut_repo/vut_repo/target/debug/libvut_stdlib_native.a[324](044d1b1af49c8a28-mldsa_polyz_unpack_19_aarch64_asm.o)) was built for newer 'macOS' version (26.5) than being linked (26.0)
ld: warning: object file (/Users/runner/work/vut_repo/vut_repo/target/debug/libvut_stdlib_native.a[325](044d1b1af49c8a28-mldsa_poly_caddq_aarch64_asm.o)) was built for newer 'macOS' version (26.5) than being linked (26.0)
ld: warning: object file (/Users/runner/work/vut_repo/vut_repo/target/debug/libvut_stdlib_native.a[326](044d1b1af49c8a28-mldsa_poly_chknorm_aarch64_asm.o)) was built for newer 'macOS' version (26.5) than being linked (26.0)
ld: warning: object file (/Users/runner/work/vut_repo/vut_repo/target/debug/libvut_stdlib_native.a[327](044d1b1af49c8a28-mldsa_poly_decompose_32_aarch64_asm.o)) was built for newer 'macOS' version (26.5) than being linked (26.0)
ld: warning: object file (/Users/runner/work/vut_repo/vut_repo/target/debug/libvut_stdlib_native.a[328](044d1b1af49c8a28-mldsa_poly_decompose_88_aarch64_asm.o)) was built for newer 'macOS' version (26.5) than being linked (26.0)
ld: warning: object file (/Users/runner/work/vut_repo/vut_repo/target/debug/libvut_stdlib_native.a[329](044d1b1af49c8a28-mldsa_poly_use_hint_32_aarch64_asm.o)) was built for newer 'macOS' version (26.5) than being linked (26.0)
ld: warning: object file (/Users/runner/work/vut_repo/vut_repo/target/debug/libvut_stdlib_native.a[330](044d1b1af49c8a28-mldsa_poly_use_hint_88_aarch64_asm.o)) was built for newer 'macOS' version (26.5) than being linked (26.0)
ld: warning: object file (/Users/runner/work/vut_repo/vut_repo/target/debug/libvut_stdlib_native.a[331](044d1b1af49c8a28-mldsa_rej_uniform_aarch64_asm.o)) was built for newer 'macOS' version (26.5) than being linked (26.0)
ld: warning: object file (/Users/runner/work/vut_repo/vut_repo/target/debug/libvut_stdlib_native.a[332](044d1b1af49c8a28-mldsa_rej_uniform_eta2_aarch64_asm.o)) was built for newer 'macOS' version (26.5) than being linked (26.0)
ld: warning: object file (/Users/runner/work/vut_repo/vut_repo/target/debug/libvut_stdlib_native.a[333](044d1b1af49c8a28-mldsa_rej_uniform_eta4_aarch64_asm.o)) was built for newer 'macOS' version (26.5) than being linked (26.0)
ld: warning: object file (/Users/runner/work/vut_repo/vut_repo/target/debug/libvut_stdlib_native.a[334](7a51880ffa82f69b-mlkem_intt_aarch64_asm.o)) was built for newer 'macOS' version (26.5) than being linked (26.0)
ld: warning: object file (/Users/runner/work/vut_repo/vut_repo/target/debug/libvut_stdlib_native.a[335](7a51880ffa82f69b-mlkem_ntt_aarch64_asm.o)) was built for newer 'macOS' version (26.5) than being linked (26.0)
ld: warning: object file (/Users/runner/work/vut_repo/vut_repo/target/debug/libvut_stdlib_native.a[336](7a51880ffa82f69b-mlkem_polyvec_basemul_acc_montgomery_cached_k2_aarch64_asm.o)) was built for newer 'macOS' version (26.5) than being linked (26.0)
ld: warning: object file (/Users/runner/work/vut_repo/vut_repo/target/debug/libvut_stdlib_native.a[337](7a51880ffa82f69b-mlkem_polyvec_basemul_acc_montgomery_cached_k3_aarch64_asm.o)) was built for newer 'macOS' version (26.5) than being linked (26.0)
ld: warning: object file (/Users/runner/work/vut_repo/vut_repo/target/debug/libvut_stdlib_native.a[338](7a51880ffa82f69b-mlkem_polyvec_basemul_acc_montgomery_cached_k4_aarch64_asm.o)) was built for newer 'macOS' version (26.5) than being linked (26.0)
ld: warning: object file (/Users/runner/work/vut_repo/vut_repo/target/debug/libvut_stdlib_native.a[339](7a51880ffa82f69b-mlkem_poly_mulcache_compute_aarch64_asm.o)) was built for newer 'macOS' version (26.5) than being linked (26.0)
ld: warning: object file (/Users/runner/work/vut_repo/vut_repo/target/debug/libvut_stdlib_native.a[340](7a51880ffa82f69b-mlkem_poly_reduce_aarch64_asm.o)) was built for newer 'macOS' version (26.5) than being linked (26.0)
ld: warning: object file (/Users/runner/work/vut_repo/vut_repo/target/debug/libvut_stdlib_native.a[341](7a51880ffa82f69b-mlkem_poly_tobytes_aarch64_asm.o)) was built for newer 'macOS' version (26.5) than being linked (26.0)
ld: warning: object file (/Users/runner/work/vut_repo/vut_repo/target/debug/libvut_stdlib_native.a[342](7a51880ffa82f69b-mlkem_poly_tomont_aarch64_asm.o)) was built for newer 'macOS' version (26.5) than being linked (26.0)
ld: warning: object file (/Users/runner/work/vut_repo/vut_repo/target/debug/libvut_stdlib_native.a[343](7a51880ffa82f69b-mlkem_rej_uniform_aarch64_asm.o)) was built for newer 'macOS' version (26.5) than being linked (26.0)
ld: warning: object file (/Users/runner/work/vut_repo/vut_repo/target/debug/libvut_stdlib_native.a[344](6cb977b152c40450-chacha-armv8.o)) was built for newer 'macOS' version (26.5) than being linked (26.0)
ld: warning: object file (/Users/runner/work/vut_repo/vut_repo/target/debug/libvut_stdlib_native.a[345](c53e8c40df789e0d-chacha20_poly1305_armv8.o)) was built for newer 'macOS' version (26.5) than being linked (26.0)
ld: warning: object file (/Users/runner/work/vut_repo/vut_repo/target/debug/libvut_stdlib_native.a[346](c4391ac3c46825d6-aesv8-armx.o)) was built for newer 'macOS' version (26.5) than being linked (26.0)
ld: warning: object file (/Users/runner/work/vut_repo/vut_repo/target/debug/libvut_stdlib_native.a[347](c4391ac3c46825d6-aesv8-gcm-armv8-unroll8.o)) was built for newer 'macOS' version (26.5) than being linked (26.0)
ld: warning: object file (/Users/runner/work/vut_repo/vut_repo/target/debug/libvut_stdlib_native.a[348](c4391ac3c46825d6-aesv8-gcm-armv8.o)) was built for newer 'macOS' version (26.5) than being linked (26.0)
ld: warning: object file (/Users/runner/work/vut_repo/vut_repo/target/debug/libvut_stdlib_native.a[349](c4391ac3c46825d6-armv8-mont.o)) was built for newer 'macOS' version (26.5) than being linked (26.0)
ld: warning: object file (/Users/runner/work/vut_repo/vut_repo/target/debug/libvut_stdlib_native.a[350](c4391ac3c46825d6-bn-armv8.o)) was built for newer 'macOS' version (26.5) than being linked (26.0)
ld: warning: object file (/Users/runner/work/vut_repo/vut_repo/target/debug/libvut_stdlib_native.a[351](c4391ac3c46825d6-ghash-neon-armv8.o)) was built for newer 'macOS' version (26.5) than being linked (26.0)
ld: warning: object file (/Users/runner/work/vut_repo/vut_repo/target/debug/libvut_stdlib_native.a[352](c4391ac3c46825d6-ghashv8-armx.o)) was built for newer 'macOS' version (26.5) than being linked (26.0)
ld: warning: object file (/Users/runner/work/vut_repo/vut_repo/target/debug/libvut_stdlib_native.a[353](c4391ac3c46825d6-keccak1600-armv8.o)) was built for newer 'macOS' version (26.5) than being linked (26.0)
ld: warning: object file (/Users/runner/work/vut_repo/vut_repo/target/debug/libvut_stdlib_native.a[354](c4391ac3c46825d6-md5-armv8.o)) was built for newer 'macOS' version (26.5) than being linked (26.0)
ld: warning: object file (/Users/runner/work/vut_repo/vut_repo/target/debug/libvut_stdlib_native.a[355](c4391ac3c46825d6-p256-armv8-asm.o)) was built for newer 'macOS' version (26.5) than being linked (26.0)
ld: warning: object file (/Users/runner/work/vut_repo/vut_repo/target/debug/libvut_stdlib_native.a[356](c4391ac3c46825d6-p256_beeu-armv8-asm.o)) was built for newer 'macOS' version (26.5) than being linked (26.0)
ld: warning: object file (/Users/runner/work/vut_repo/vut_repo/target/debug/libvut_stdlib_native.a[357](c4391ac3c46825d6-rndr-armv8.o)) was built for newer 'macOS' version (26.5) than being linked (26.0)
ld: warning: object file (/Users/runner/work/vut_repo/vut_repo/target/debug/libvut_stdlib_native.a[358](c4391ac3c46825d6-sha1-armv8.o)) was built for newer 'macOS' version (26.5) than being linked (26.0)
ld: warning: object file (/Users/runner/work/vut_repo/vut_repo/target/debug/libvut_stdlib_native.a[359](c4391ac3c46825d6-sha256-armv8.o)) was built for newer 'macOS' version (26.5) than being linked (26.0)
ld: warning: object file (/Users/runner/work/vut_repo/vut_repo/target/debug/libvut_stdlib_native.a[360](c4391ac3c46825d6-sha512-armv8.o)) was built for newer 'macOS' version (26.5) than being linked (26.0)
ld: warning: object file (/Users/runner/work/vut_repo/vut_repo/target/debug/libvut_stdlib_native.a[361](c4391ac3c46825d6-vpaes-armv8.o)) was built for newer 'macOS' version (26.5) than being linked (26.0)
ld: warning: object file (/Users/runner/work/vut_repo/vut_repo/target/debug/libvut_stdlib_native.a[363](2a065450252c12f3-bignum_madd_n25519.o)) was built for newer 'macOS' version (26.5) than being linked (26.0)
ld: warning: object file (/Users/runner/work/vut_repo/vut_repo/target/debug/libvut_stdlib_native.a[364](2a065450252c12f3-bignum_madd_n25519_alt.o)) was built for newer 'macOS' version (26.5) than being linked (26.0)
ld: warning: object file (/Users/runner/work/vut_repo/vut_repo/target/debug/libvut_stdlib_native.a[365](2a065450252c12f3-bignum_mod_n25519.o)) was built for newer 'macOS' version (26.5) than being linked (26.0)
ld: warning: object file (/Users/runner/work/vut_repo/vut_repo/target/debug/libvut_stdlib_native.a[366](2a065450252c12f3-bignum_neg_p25519.o)) was built for newer 'macOS' version (26.5) than being linked (26.0)
ld: warning: object file (/Users/runner/work/vut_repo/vut_repo/target/debug/libvut_stdlib_native.a[367](2a065450252c12f3-curve25519_x25519base_byte.o)) was built for newer 'macOS' version (26.5) than being linked (26.0)
ld: warning: object file (/Users/runner/work/vut_repo/vut_repo/target/debug/libvut_stdlib_native.a[368](2a065450252c12f3-curve25519_x25519base_byte_alt.o)) was built for newer 'macOS' version (26.5) than being linked (26.0)
ld: warning: object file (/Users/runner/work/vut_repo/vut_repo/target/debug/libvut_stdlib_native.a[369](2a065450252c12f3-curve25519_x25519_byte.o)) was built for newer 'macOS' version (26.5) than being linked (26.0)
ld: warning: object file (/Users/runner/work/vut_repo/vut_repo/target/debug/libvut_stdlib_native.a[370](2a065450252c12f3-curve25519_x25519_byte_alt.o)) was built for newer 'macOS' version (26.5) than being linked (26.0)
ld: warning: object file (/Users/runner/work/vut_repo/vut_repo/target/debug/libvut_stdlib_native.a[371](2a065450252c12f3-edwards25519_decode.o)) was built for newer 'macOS' version (26.5) than being linked (26.0)
ld: warning: object file (/Users/runner/work/vut_repo/vut_repo/target/debug/libvut_stdlib_native.a[372](2a065450252c12f3-edwards25519_decode_alt.o)) was built for newer 'macOS' version (26.5) than being linked (26.0)
ld: warning: object file (/Users/runner/work/vut_repo/vut_repo/target/debug/libvut_stdlib_native.a[373](2a065450252c12f3-edwards25519_encode.o)) was built for newer 'macOS' version (26.5) than being linked (26.0)
ld: warning: object file (/Users/runner/work/vut_repo/vut_repo/target/debug/libvut_stdlib_native.a[374](2a065450252c12f3-edwards25519_scalarmulbase.o)) was built for newer 'macOS' version (26.5) than being linked (26.0)
ld: warning: object file (/Users/runner/work/vut_repo/vut_repo/target/debug/libvut_stdlib_native.a[375](2a065450252c12f3-edwards25519_scalarmulbase_alt.o)) was built for newer 'macOS' version (26.5) than being linked (26.0)
ld: warning: object file (/Users/runner/work/vut_repo/vut_repo/target/debug/libvut_stdlib_native.a[376](2a065450252c12f3-edwards25519_scalarmuldouble.o)) was built for newer 'macOS' version (26.5) than being linked (26.0)
ld: warning: object file (/Users/runner/work/vut_repo/vut_repo/target/debug/libvut_stdlib_native.a[377](2a065450252c12f3-edwards25519_scalarmuldouble_alt.o)) was built for newer 'macOS' version (26.5) than being linked (26.0)
ld: warning: object file (/Users/runner/work/vut_repo/vut_repo/target/debug/libvut_stdlib_native.a[378](2ee72d5a85c036ff-bignum_emontredc_8n.o)) was built for newer 'macOS' version (26.5) than being linked (26.0)
ld: warning: object file (/Users/runner/work/vut_repo/vut_repo/target/debug/libvut_stdlib_native.a[379](2ee72d5a85c036ff-bignum_kmul_16_32.o)) was built for newer 'macOS' version (26.5) than being linked (26.0)
ld: warning: object file (/Users/runner/work/vut_repo/vut_repo/target/debug/libvut_stdlib_native.a[380](2ee72d5a85c036ff-bignum_kmul_32_64.o)) was built for newer 'macOS' version (26.5) than being linked (26.0)
ld: warning: object file (/Users/runner/work/vut_repo/vut_repo/target/debug/libvut_stdlib_native.a[381](2ee72d5a85c036ff-bignum_ksqr_16_32.o)) was built for newer 'macOS' version (26.5) than being linked (26.0)
ld: warning: object file (/Users/runner/work/vut_repo/vut_repo/target/debug/libvut_stdlib_native.a[382](2ee72d5a85c036ff-bignum_ksqr_32_64.o)) was built for newer 'macOS' version (26.5) than being linked (26.0)
ld: warning: object file (/Users/runner/work/vut_repo/vut_repo/target/debug/libvut_stdlib_native.a[383](2eb9bba22ef5252d-bignum_copy_row_from_table.o)) was built for newer 'macOS' version (26.5) than being linked (26.0)
ld: warning: object file (/Users/runner/work/vut_repo/vut_repo/target/debug/libvut_stdlib_native.a[384](2eb9bba22ef5252d-bignum_copy_row_from_table_16.o)) was built for newer 'macOS' version (26.5) than being linked (26.0)
ld: warning: object file (/Users/runner/work/vut_repo/vut_repo/target/debug/libvut_stdlib_native.a[385](2eb9bba22ef5252d-bignum_copy_row_from_table_32.o)) was built for newer 'macOS' version (26.5) than being linked (26.0)
ld: warning: object file (/Users/runner/work/vut_repo/vut_repo/target/debug/libvut_stdlib_native.a[386](2eb9bba22ef5252d-bignum_copy_row_from_table_8n.o)) was built for newer 'macOS' version (26.5) than being linked (26.0)
ld: warning: object file (/Users/runner/work/vut_repo/vut_repo/target/debug/libvut_stdlib_native.a[387](2eb9bba22ef5252d-bignum_ge.o)) was built for newer 'macOS' version (26.5) than being linked (26.0)
ld: warning: object file (/Users/runner/work/vut_repo/vut_repo/target/debug/libvut_stdlib_native.a[388](2eb9bba22ef5252d-bignum_mul.o)) was built for newer 'macOS' version (26.5) than being linked (26.0)
ld: warning: object file (/Users/runner/work/vut_repo/vut_repo/target/debug/libvut_stdlib_native.a[389](2eb9bba22ef5252d-bignum_optsub.o)) was built for newer 'macOS' version (26.5) than being linked (26.0)
ld: warning: object file (/Users/runner/work/vut_repo/vut_repo/target/debug/libvut_stdlib_native.a[390](2eb9bba22ef5252d-bignum_sqr.o)) was built for newer 'macOS' version (26.5) than being linked (26.0)
ld: warning: object file (/Users/runner/work/vut_repo/vut_repo/target/debug/libvut_stdlib_native.a[391](46b3cee15136b9e3-bignum_montinv_p256.o)) was built for newer 'macOS' version (26.5) than being linked (26.0)
ld: warning: object file (/Users/runner/work/vut_repo/vut_repo/target/debug/libvut_stdlib_native.a[392](46b3cee15136b9e3-p256_montjscalarmul.o)) was built for newer 'macOS' version (26.5) than being linked (26.0)
ld: warning: object file (/Users/runner/work/vut_repo/vut_repo/target/debug/libvut_stdlib_native.a[393](46b3cee15136b9e3-p256_montjscalarmul_alt.o)) was built for newer 'macOS' version (26.5) than being linked (26.0)
ld: warning: object file (/Users/runner/work/vut_repo/vut_repo/target/debug/libvut_stdlib_native.a[394](33b0e8a9ff3ac954-bignum_add_p384.o)) was built for newer 'macOS' version (26.5) than being linked (26.0)
ld: warning: object file (/Users/runner/work/vut_repo/vut_repo/target/debug/libvut_stdlib_native.a[395](33b0e8a9ff3ac954-bignum_deamont_p384.o)) was built for newer 'macOS' version (26.5) than being linked (26.0)
ld: warning: object file (/Users/runner/work/vut_repo/vut_repo/target/debug/libvut_stdlib_native.a[396](33b0e8a9ff3ac954-bignum_littleendian_6.o)) was built for newer 'macOS' version (26.5) than being linked (26.0)
ld: warning: object file (/Users/runner/work/vut_repo/vut_repo/target/debug/libvut_stdlib_native.a[397](33b0e8a9ff3ac954-bignum_montinv_p384.o)) was built for newer 'macOS' version (26.5) than being linked (26.0)
ld: warning: object file (/Users/runner/work/vut_repo/vut_repo/target/debug/libvut_stdlib_native.a[398](33b0e8a9ff3ac954-bignum_montmul_p384.o)) was built for newer 'macOS' version (26.5) than being linked (26.0)
ld: warning: object file (/Users/runner/work/vut_repo/vut_repo/target/debug/libvut_stdlib_native.a[399](33b0e8a9ff3ac954-bignum_montmul_p384_alt.o)) was built for newer 'macOS' version (26.5) than being linked (26.0)
ld: warning: object file (/Users/runner/work/vut_repo/vut_repo/target/debug/libvut_stdlib_native.a[400](33b0e8a9ff3ac954-bignum_montsqr_p384.o)) was built for newer 'macOS' version (26.5) than being linked (26.0)
ld: warning: object file (/Users/runner/work/vut_repo/vut_repo/target/debug/libvut_stdlib_native.a[401](33b0e8a9ff3ac954-bignum_montsqr_p384_alt.o)) was built for newer 'macOS' version (26.5) than being linked (26.0)
ld: warning: object file (/Users/runner/work/vut_repo/vut_repo/target/debug/libvut_stdlib_native.a[402](33b0e8a9ff3ac954-bignum_neg_p384.o)) was built for newer 'macOS' version (26.5) than being linked (26.0)
ld: warning: object file (/Users/runner/work/vut_repo/vut_repo/target/debug/libvut_stdlib_native.a[403](33b0e8a9ff3ac954-bignum_nonzero_6.o)) was built for newer 'macOS' version (26.5) than being linked (26.0)
ld: warning: object file (/Users/runner/work/vut_repo/vut_repo/target/debug/libvut_stdlib_native.a[404](33b0e8a9ff3ac954-bignum_sub_p384.o)) was built for newer 'macOS' version (26.5) than being linked (26.0)
ld: warning: object file (/Users/runner/work/vut_repo/vut_repo/target/debug/libvut_stdlib_native.a[405](33b0e8a9ff3ac954-bignum_tomont_p384.o)) was built for newer 'macOS' version (26.5) than being linked (26.0)
ld: warning: object file (/Users/runner/work/vut_repo/vut_repo/target/debug/libvut_stdlib_native.a[406](33b0e8a9ff3ac954-p384_montjdouble.o)) was built for newer 'macOS' version (26.5) than being linked (26.0)
ld: warning: object file (/Users/runner/work/vut_repo/vut_repo/target/debug/libvut_stdlib_native.a[407](33b0e8a9ff3ac954-p384_montjdouble_alt.o)) was built for newer 'macOS' version (26.5) than being linked (26.0)
ld: warning: object file (/Users/runner/work/vut_repo/vut_repo/target/debug/libvut_stdlib_native.a[408](33b0e8a9ff3ac954-p384_montjscalarmul.o)) was built for newer 'macOS' version (26.5) than being linked (26.0)
ld: warning: object file (/Users/runner/work/vut_repo/vut_repo/target/debug/libvut_stdlib_native.a[409](33b0e8a9ff3ac954-p384_montjscalarmul_alt.o)) was built for newer 'macOS' version (26.5) than being linked (26.0)
ld: warning: object file (/Users/runner/work/vut_repo/vut_repo/target/debug/libvut_stdlib_native.a[410](ccbabe9886131d80-bignum_add_p521.o)) was built for newer 'macOS' version (26.5) than being linked (26.0)
ld: warning: object file (/Users/runner/work/vut_repo/vut_repo/target/debug/libvut_stdlib_native.a[411](ccbabe9886131d80-bignum_fromlebytes_p521.o)) was built for newer 'macOS' version (26.5) than being linked (26.0)
ld: warning: object file (/Users/runner/work/vut_repo/vut_repo/target/debug/libvut_stdlib_native.a[412](ccbabe9886131d80-bignum_inv_p521.o)) was built for newer 'macOS' version (26.5) than being linked (26.0)
ld: warning: object file (/Users/runner/work/vut_repo/vut_repo/target/debug/libvut_stdlib_native.a[413](ccbabe9886131d80-bignum_mul_p521.o)) was built for newer 'macOS' version (26.5) than being linked (26.0)
ld: warning: object file (/Users/runner/work/vut_repo/vut_repo/target/debug/libvut_stdlib_native.a[414](ccbabe9886131d80-bignum_mul_p521_alt.o)) was built for newer 'macOS' version (26.5) than being linked (26.0)
ld: warning: object file (/Users/runner/work/vut_repo/vut_repo/target/debug/libvut_stdlib_native.a[415](ccbabe9886131d80-bignum_neg_p521.o)) was built for newer 'macOS' version (26.5) than being linked (26.0)
ld: warning: object file (/Users/runner/work/vut_repo/vut_repo/target/debug/libvut_stdlib_native.a[416](ccbabe9886131d80-bignum_sqr_p521.o)) was built for newer 'macOS' version (26.5) than being linked (26.0)
ld: warning: object file (/Users/runner/work/vut_repo/vut_repo/target/debug/libvut_stdlib_native.a[417](ccbabe9886131d80-bignum_sqr_p521_alt.o)) was built for newer 'macOS' version (26.5) than being linked (26.0)
ld: warning: object file (/Users/runner/work/vut_repo/vut_repo/target/debug/libvut_stdlib_native.a[418](ccbabe9886131d80-bignum_sub_p521.o)) was built for newer 'macOS' version (26.5) than being linked (26.0)
ld: warning: object file (/Users/runner/work/vut_repo/vut_repo/target/debug/libvut_stdlib_native.a[419](ccbabe9886131d80-bignum_tolebytes_p521.o)) was built for newer 'macOS' version (26.5) than being linked (26.0)
ld: warning: object file (/Users/runner/work/vut_repo/vut_repo/target/debug/libvut_stdlib_native.a[420](ccbabe9886131d80-p521_jdouble.o)) was built for newer 'macOS' version (26.5) than being linked (26.0)
ld: warning: object file (/Users/runner/work/vut_repo/vut_repo/target/debug/libvut_stdlib_native.a[421](ccbabe9886131d80-p521_jdouble_alt.o)) was built for newer 'macOS' version (26.5) than being linked (26.0)
ld: warning: object file (/Users/runner/work/vut_repo/vut_repo/target/debug/libvut_stdlib_native.a[422](ccbabe9886131d80-p521_jscalarmul.o)) was built for newer 'macOS' version (26.5) than being linked (26.0)
ld: warning: object file (/Users/runner/work/vut_repo/vut_repo/target/debug/libvut_stdlib_native.a[423](ccbabe9886131d80-p521_jscalarmul_alt.o)) was built for newer 'macOS' version (26.5) than being linked (26.0)
ld: warning: object file (/Users/runner/work/vut_repo/vut_repo/target/debug/libvut_stdlib_native.a[424](ac9a06e0f1f9cd7d-sha3_keccak2_f1600.o)) was built for newer 'macOS' version (26.5) than being linked (26.0)
ld: warning: object file (/Users/runner/work/vut_repo/vut_repo/target/debug/libvut_stdlib_native.a[425](ac9a06e0f1f9cd7d-sha3_keccak4_f1600_alt.o)) was built for newer 'macOS' version (26.5) than being linked (26.0)
ld: warning: object file (/Users/runner/work/vut_repo/vut_repo/target/debug/libvut_stdlib_native.a[426](ac9a06e0f1f9cd7d-sha3_keccak4_f1600_alt2.o)) was built for newer 'macOS' version (26.5) than being linked (26.0)
ld: warning: object file (/Users/runner/work/vut_repo/vut_repo/target/debug/libvut_stdlib_native.a[427](ac9a06e0f1f9cd7d-sha3_keccak_f1600.o)) was built for newer 'macOS' version (26.5) than being linked (26.0)
ld: warning: object file (/Users/runner/work/vut_repo/vut_repo/target/debug/libvut_stdlib_native.a[428](ac9a06e0f1f9cd7d-sha3_keccak_f1600_alt.o)) was built for newer 'macOS' version (26.5) than being linked (26.0)
ld: warning: object file (/Users/runner/work/vut_repo/vut_repo/target/debug/libvut_stdlib_native.a[430](e9338ebcd69164a9-aes-xts-dec.o)) was built for newer 'macOS' version (26.5) than being linked (26.0)
ld: warning: object file (/Users/runner/work/vut_repo/vut_repo/target/debug/libvut_stdlib_native.a[431](e9338ebcd69164a9-aes-xts-enc.o)) was built for newer 'macOS' version (26.5) than being linked (26.0)
ld: warning: object file (/Users/runner/work/vut_repo/vut_repo/target/debug/libvut_stdlib_native.a[432](2d40dbbd793ef942-jitterentropy-base.o)) was built for newer 'macOS' version (26.5) than being linked (26.0)
ld: warning: object file (/Users/runner/work/vut_repo/vut_repo/target/debug/libvut_stdlib_native.a[433](2d40dbbd793ef942-jitterentropy-gcd.o)) was built for newer 'macOS' version (26.5) than being linked (26.0)
ld: warning: object file (/Users/runner/work/vut_repo/vut_repo/target/debug/libvut_stdlib_native.a[434](2d40dbbd793ef942-jitterentropy-health.o)) was built for newer 'macOS' version (26.5) than being linked (26.0)
ld: warning: object file (/Users/runner/work/vut_repo/vut_repo/target/debug/libvut_stdlib_native.a[435](2d40dbbd793ef942-jitterentropy-noise.o)) was built for newer 'macOS' version (26.5) than being linked (26.0)
ld: warning: object file (/Users/runner/work/vut_repo/vut_repo/target/debug/libvut_stdlib_native.a[436](2d40dbbd793ef942-jitterentropy-sha3.o)) was built for newer 'macOS' version (26.5) than being linked (26.0)
ld: warning: object file (/Users/runner/work/vut_repo/vut_repo/target/debug/libvut_stdlib_native.a[454](25ac62e5b3c53843-curve25519.o)) was built for newer 'macOS' version (26.5) than being linked (26.0)
ld: warning: object file (/Users/runner/work/vut_repo/vut_repo/target/debug/libvut_stdlib_native.a[455](0bbbd18bda93c05b-aes_nohw.o)) was built for newer 'macOS' version (26.5) than being linked (26.0)
ld: warning: object file (/Users/runner/work/vut_repo/vut_repo/target/debug/libvut_stdlib_native.a[456](00c879ee3285a50d-montgomery.o)) was built for newer 'macOS' version (26.5) than being linked (26.0)
ld: warning: object file (/Users/runner/work/vut_repo/vut_repo/target/debug/libvut_stdlib_native.a[457](00c879ee3285a50d-montgomery_inv.o)) was built for newer 'macOS' version (26.5) than being linked (26.0)
ld: warning: object file (/Users/runner/work/vut_repo/vut_repo/target/debug/libvut_stdlib_native.a[458](a0330e891e733f4e-ecp_nistz.o)) was built for newer 'macOS' version (26.5) than being linked (26.0)
ld: warning: object file (/Users/runner/work/vut_repo/vut_repo/target/debug/libvut_stdlib_native.a[460](a0330e891e733f4e-gfp_p384.o)) was built for newer 'macOS' version (26.5) than being linked (26.0)
ld: warning: object file (/Users/runner/work/vut_repo/vut_repo/target/debug/libvut_stdlib_native.a[462](aaa1ba3e455ee2e1-limbs.o)) was built for newer 'macOS' version (26.5) than being linked (26.0)
ld: warning: object file (/Users/runner/work/vut_repo/vut_repo/target/debug/libvut_stdlib_native.a[463](a4019cc0736b0423-mem.o)) was built for newer 'macOS' version (26.5) than being linked (26.0)
ld: warning: object file (/Users/runner/work/vut_repo/vut_repo/target/debug/libvut_stdlib_native.a[464](d5a9841f3dc6e253-poly1305.o)) was built for newer 'macOS' version (26.5) than being linked (26.0)
ld: warning: object file (/Users/runner/work/vut_repo/vut_repo/target/debug/libvut_stdlib_native.a[465](a0330e891e733f4e-p256-nistz.o)) was built for newer 'macOS' version (26.5) than being linked (26.0)
ld: warning: object file (/Users/runner/work/vut_repo/vut_repo/target/debug/libvut_stdlib_native.a[466](c322a0bcc369f531-chacha-armv8-ios64.o)) was built for newer 'macOS' version (26.5) than being linked (26.0)
ld: warning: object file (/Users/runner/work/vut_repo/vut_repo/target/debug/libvut_stdlib_native.a[467](c322a0bcc369f531-chacha20_poly1305_armv8-ios64.o)) was built for newer 'macOS' version (26.5) than being linked (26.0)
ld: warning: object file (/Users/runner/work/vut_repo/vut_repo/target/debug/libvut_stdlib_native.a[468](c322a0bcc369f531-aesv8-armx-ios64.o)) was built for newer 'macOS' version (26.5) than being linked (26.0)
ld: warning: object file (/Users/runner/work/vut_repo/vut_repo/target/debug/libvut_stdlib_native.a[469](c322a0bcc369f531-aesv8-gcm-armv8-ios64.o)) was built for newer 'macOS' version (26.5) than being linked (26.0)
ld: warning: object file (/Users/runner/work/vut_repo/vut_repo/target/debug/libvut_stdlib_native.a[470](c322a0bcc369f531-ghash-neon-armv8-ios64.o)) was built for newer 'macOS' version (26.5) than being linked (26.0)
ld: warning: object file (/Users/runner/work/vut_repo/vut_repo/target/debug/libvut_stdlib_native.a[471](c322a0bcc369f531-ghashv8-armx-ios64.o)) was built for newer 'macOS' version (26.5) than being linked (26.0)
ld: warning: object file (/Users/runner/work/vut_repo/vut_repo/target/debug/libvut_stdlib_native.a[472](c322a0bcc369f531-vpaes-armv8-ios64.o)) was built for newer 'macOS' version (26.5) than being linked (26.0)
ld: warning: object file (/Users/runner/work/vut_repo/vut_repo/target/debug/libvut_stdlib_native.a[473](c322a0bcc369f531-armv8-mont-ios64.o)) was built for newer 'macOS' version (26.5) than being linked (26.0)
ld: warning: object file (/Users/runner/work/vut_repo/vut_repo/target/debug/libvut_stdlib_native.a[474](c322a0bcc369f531-p256-armv8-asm-ios64.o)) was built for newer 'macOS' version (26.5) than being linked (26.0)
ld: warning: object file (/Users/runner/work/vut_repo/vut_repo/target/debug/libvut_stdlib_native.a[475](c322a0bcc369f531-sha512-armv8-ios64.o)) was built for newer 'macOS' version (26.5) than being linked (26.0)
ld: warning: object file (/Users/runner/work/vut_repo/vut_repo/target/debug/libvut_stdlib_native.a[476](c322a0bcc369f531-sha256-armv8-ios64.o)) was built for newer 'macOS' version (26.5) than being linked (26.0)
Illegal text-relocations:
  text-relocation in '_vut_fn_0'+0x34 (/Users/runner/work/vut_repo/vut_repo/spikes/mlink0/out/fx-http.o) to '_vut_rt_bytes_release_v1'
  text-relocation in '_vut_fn_0'+0x1C (/Users/runner/work/vut_repo/vut_repo/spikes/mlink0/out/fx-http.o) to '_vut_rt_bytes_read_i32_v1'
  text-relocation in '_vut_fn_1'+0x38 (/Users/runner/work/vut_repo/vut_repo/spikes/mlink0/out/fx-http.o) to '_vut_rt_bytes_release_v1'
  text-relocation in '_vut_fn_1'+0x1C (/Users/runner/work/vut_repo/vut_repo/spikes/mlink0/out/fx-http.o) to '_vut_rt_bytes_read_i32_v1'
  text-relocation in '_vut_fn_2'+0x54 (/Users/runner/work/vut_repo/vut_repo/spikes/mlink0/out/fx-http.o) to '_vut_rt_bytes_release_v1'
  text-relocation in '_vut_fn_2'+0x30 (/Users/runner/work/vut_repo/vut_repo/spikes/mlink0/out/fx-http.o) to '_vut_rt_bytes_slice_v1'
  text-relocation in '_vut_fn_2'+0x1C (/Users/runner/work/vut_repo/vut_repo/spikes/mlink0/out/fx-http.o) to '_vut_rt_bytes_len_v1'
  text-relocation in '_vut_fn_3'+0x10C (/Users/runner/work/vut_repo/vut_repo/spikes/mlink0/out/fx-http.o) to '_vut_rt_release_string_v1'
  text-relocation in '_vut_fn_3'+0xF4 (/Users/runner/work/vut_repo/vut_repo/spikes/mlink0/out/fx-http.o) to '_vut_rt_retain_string_v1'
  text-relocation in '_vut_fn_3'+0xD0 (/Users/runner/work/vut_repo/vut_repo/spikes/mlink0/out/fx-http.o) to '_vut_rt_string_from_utf8_v1'
  text-relocation in '_vut_fn_3'+0x98 (/Users/runner/work/vut_repo/vut_repo/spikes/mlink0/out/fx-http.o) to '_vut_rt_bytes_release_v1'
  text-relocation in '_vut_fn_3'+0x5C (/Users/runner/work/vut_repo/vut_repo/spikes/mlink0/out/fx-http.o) to '_vut_rt_bytes_utf8_error_len_v1'
  text-relocation in '_vut_fn_3'+0x40 (/Users/runner/work/vut_repo/vut_repo/spikes/mlink0/out/fx-http.o) to '_vut_rt_bytes_utf8_valid_up_to_v1'
  text-relocation in '_vut_fn_3'+0x24 (/Users/runner/work/vut_repo/vut_repo/spikes/mlink0/out/fx-http.o) to '_vut_rt_bytes_to_str_v1'
  text-relocation in '_vut_fn_4'+0x10C (/Users/runner/work/vut_repo/vut_repo/spikes/mlink0/out/fx-http.o) to '_vut_rt_release_string_v1'
  text-relocation in '_vut_fn_4'+0xF4 (/Users/runner/work/vut_repo/vut_repo/spikes/mlink0/out/fx-http.o) to '_vut_rt_retain_string_v1'
  text-relocation in '_vut_fn_4'+0xD0 (/Users/runner/work/vut_repo/vut_repo/spikes/mlink0/out/fx-http.o) to '_vut_rt_string_from_utf8_v1'
  text-relocation in '_vut_fn_4'+0x98 (/Users/runner/work/vut_repo/vut_repo/spikes/mlink0/out/fx-http.o) to '_vut_rt_bytes_release_v1'
  text-relocation in '_vut_fn_4'+0x5C (/Users/runner/work/vut_repo/vut_repo/spikes/mlink0/out/fx-http.o) to '_vut_rt_bytes_utf8_error_len_v1'
  text-relocation in '_vut_fn_4'+0x40 (/Users/runner/work/vut_repo/vut_repo/spikes/mlink0/out/fx-http.o) to '_vut_rt_bytes_utf8_valid_up_to_v1'
  text-relocation in '_vut_fn_4'+0x24 (/Users/runner/work/vut_repo/vut_repo/spikes/mlink0/out/fx-http.o) to '_vut_rt_bytes_to_str_v1'
  text-relocation in '_vut_fn_5'+0x158 (/Users/runner/work/vut_repo/vut_repo/spikes/mlink0/out/fx-http.o) to '_vut_rt_release_string_v1'
  text-relocation in '_vut_fn_5'+0x140 (/Users/runner/work/vut_repo/vut_repo/spikes/mlink0/out/fx-http.o) to '_vut_rt_release_string_v1'
  text-relocation in '_vut_fn_5'+0x120 (/Users/runner/work/vut_repo/vut_repo/spikes/mlink0/out/fx-http.o) to '_vut_rt_string_split_v1'
  text-relocation in '_vut_fn_5'+0x108 (/Users/runner/work/vut_repo/vut_repo/spikes/mlink0/out/fx-http.o) to '_vut_rt_string_from_utf8_v1'
  text-relocation in '_vut_fn_5'+0xE0 (/Users/runner/work/vut_repo/vut_repo/spikes/mlink0/out/fx-http.o) to '_vut_rt_list_new_v1'
  text-relocation in '_vut_fn_5'+0x98 (/Users/runner/work/vut_repo/vut_repo/spikes/mlink0/out/fx-http.o) to '_vut_rt_bytes_release_v1'
  text-relocation in '_vut_fn_5'+0x5C (/Users/runner/work/vut_repo/vut_repo/spikes/mlink0/out/fx-http.o) to '_vut_rt_bytes_utf8_error_len_v1'
  text-relocation in '_vut_fn_5'+0x40 (/Users/runner/work/vut_repo/vut_repo/spikes/mlink0/out/fx-http.o) to '_vut_rt_bytes_utf8_valid_up_to_v1'
  text-relocation in '_vut_fn_5'+0x24 (/Users/runner/work/vut_repo/vut_repo/spikes/mlink0/out/fx-http.o) to '_vut_rt_bytes_to_str_v1'
  text-relocation in '_vut_fn_12'+0x30 (/Users/runner/work/vut_repo/vut_repo/spikes/mlink0/out/fx-http.o) to '_vut_rt_release_string_v1'
  text-relocation in '_vut_fn_12'+0x18 (/Users/runner/work/vut_repo/vut_repo/spikes/mlink0/out/fx-http.o) to '_vut_rt_env_get_v1'
  text-relocation in '_vut_fn_13'+0x30 (/Users/runner/work/vut_repo/vut_repo/spikes/mlink0/out/fx-http.o) to '_vut_rt_release_string_v1'
  text-relocation in '_vut_fn_13'+0x18 (/Users/runner/work/vut_repo/vut_repo/spikes/mlink0/out/fx-http.o) to '_vut_rt_env_has_v1'
  text-relocation in '_vut_fn_14'+0x50 (/Users/runner/work/vut_repo/vut_repo/spikes/mlink0/out/fx-http.o) to '_vut_rt_release_string_v1'
  text-relocation in '_vut_fn_14'+0x38 (/Users/runner/work/vut_repo/vut_repo/spikes/mlink0/out/fx-http.o) to '_vut_rt_release_string_v1'
  text-relocation in '_vut_fn_14'+0x20 (/Users/runner/work/vut_repo/vut_repo/spikes/mlink0/out/fx-http.o) to '_vut_rt_env_set_v1'
  text-relocation in '_vut_fn_15'+0x30 (/Users/runner/work/vut_repo/vut_repo/spikes/mlink0/out/fx-http.o) to '_vut_rt_release_string_v1'
  text-relocation in '_vut_fn_15'+0x18 (/Users/runner/work/vut_repo/vut_repo/spikes/mlink0/out/fx-http.o) to '_vut_rt_env_remove_v1'
  text-relocation in '_vut_fn_16'+0x10 (/Users/runner/work/vut_repo/vut_repo/spikes/mlink0/out/fx-http.o) to '_vut_rt_env_all_v1'
  text-relocation in '_vut_fn_17'+0x10 (/Users/runner/work/vut_repo/vut_repo/spikes/mlink0/out/fx-http.o) to '_vut_rt_env_args_v1'
  text-relocation in '_vut_fn_28'+0xA4 (/Users/runner/work/vut_repo/vut_repo/spikes/mlink0/out/fx-http.o) to '_vut_rt_bytes_release_v1'
  text-relocation in '_vut_fn_28'+0x68 (/Users/runner/work/vut_repo/vut_repo/spikes/mlink0/out/fx-http.o) to '_vut_rt_bytes_clone_v1'
  text-relocation in '_vut_fn_28'+0x48 (/Users/runner/work/vut_repo/vut_repo/spikes/mlink0/out/fx-http.o) to '_vut_rt_bytes_clone_v1'
  text-relocation in '_vut_fn_28'+0x24 (/Users/runner/work/vut_repo/vut_repo/spikes/mlink0/out/fx-http.o) to '_vut_rt_bytes_clone_v1'
  text-relocation in '_vut_fn_29'+0xC8 (/Users/runner/work/vut_repo/vut_repo/spikes/mlink0/out/fx-http.o) to '_vut_rt_bytes_release_v1'
  text-relocation in '_vut_fn_29'+0x9C (/Users/runner/work/vut_repo/vut_repo/spikes/mlink0/out/fx-http.o) to '_vut_rt_bytes_clone_v1'
  text-relocation in '_vut_fn_29'+0x6C (/Users/runner/work/vut_repo/vut_repo/spikes/mlink0/out/fx-http.o) to '_vut_rt_bytes_clone_v1'
  text-relocation in '_vut_fn_29'+0x4C (/Users/runner/work/vut_repo/vut_repo/spikes/mlink0/out/fx-http.o) to '_vut_rt_bytes_clone_v1'
  text-relocation in '_vut_fn_29'+0x2C (/Users/runner/work/vut_repo/vut_repo/spikes/mlink0/out/fx-http.o) to '_vut_rt_bytes_clone_v1'
  text-relocation in '_vut_fn_33'+0xC4 (/Users/runner/work/vut_repo/vut_repo/spikes/mlink0/out/fx-http.o) to '_vut_rt_bytes_release_v1'
  text-relocation in '_vut_fn_33'+0x98 (/Users/runner/work/vut_repo/vut_repo/spikes/mlink0/out/fx-http.o) to '_vut_rt_bytes_clone_v1'
  text-relocation in '_vut_fn_33'+0x68 (/Users/runner/work/vut_repo/vut_repo/spikes/mlink0/out/fx-http.o) to '_vut_rt_bytes_clone_v1'
  text-relocation in '_vut_fn_33'+0x48 (/Users/runner/work/vut_repo/vut_repo/spikes/mlink0/out/fx-http.o) to '_vut_rt_bytes_clone_v1'
  text-relocation in '_vut_fn_33'+0x28 (/Users/runner/work/vut_repo/vut_repo/spikes/mlink0/out/fx-http.o) to '_vut_rt_bytes_clone_v1'
  text-relocation in '_vut_fn_35'+0xA0 (/Users/runner/work/vut_repo/vut_repo/spikes/mlink0/out/fx-http.o) to '_vut_rt_list_release_v1'
  text-relocation in '_vut_fn_35'+0x7C (/Users/runner/work/vut_repo/vut_repo/spikes/mlink0/out/fx-http.o) to '_vut_rt_list_at_v1'
  text-relocation in '_vut_fn_35'+0x30 (/Users/runner/work/vut_repo/vut_repo/spikes/mlink0/out/fx-http.o) to '_vut_rt_list_len_v1'
  text-relocation in '_vut_fn_61'+0x30 (/Users/runner/work/vut_repo/vut_repo/spikes/mlink0/out/fx-http.o) to '_vut_rt_release_string_v1'
  text-relocation in '_vut_fn_61'+0x18 (/Users/runner/work/vut_repo/vut_repo/spikes/mlink0/out/fx-http.o) to '_vut_rt_fs_exists_v1'
  text-relocation in '_vut_fn_62'+0x30 (/Users/runner/work/vut_repo/vut_repo/spikes/mlink0/out/fx-http.o) to '_vut_rt_release_string_v1'
  text-relocation in '_vut_fn_62'+0x18 (/Users/runner/work/vut_repo/vut_repo/spikes/mlink0/out/fx-http.o) to '_vut_rt_fs_is_file_v1'
  text-relocation in '_vut_fn_63'+0x30 (/Users/runner/work/vut_repo/vut_repo/spikes/mlink0/out/fx-http.o) to '_vut_rt_release_string_v1'
  text-relocation in '_vut_fn_63'+0x18 (/Users/runner/work/vut_repo/vut_repo/spikes/mlink0/out/fx-http.o) to '_vut_rt_fs_is_dir_v1'
  text-relocation in '_vut_fn_64'+0x30 (/Users/runner/work/vut_repo/vut_repo/spikes/mlink0/out/fx-http.o) to '_vut_rt_release_string_v1'
  text-relocation in '_vut_fn_64'+0x18 (/Users/runner/work/vut_repo/vut_repo/spikes/mlink0/out/fx-http.o) to '_vut_rt_fs_read_v1'
  text-relocation in '_vut_fn_65'+0x30 (/Users/runner/work/vut_repo/vut_repo/spikes/mlink0/out/fx-http.o) to '_vut_rt_release_string_v1'
  text-relocation in '_vut_fn_65'+0x18 (/Users/runner/work/vut_repo/vut_repo/spikes/mlink0/out/fx-http.o) to '_vut_rt_fs_read_str_v1'
  text-relocation in '_vut_fn_66'+0x50 (/Users/runner/work/vut_repo/vut_repo/spikes/mlink0/out/fx-http.o) to '_vut_rt_release_string_v1'
  text-relocation in '_vut_fn_66'+0x38 (/Users/runner/work/vut_repo/vut_repo/spikes/mlink0/out/fx-http.o) to '_vut_rt_bytes_release_v1'
  text-relocation in '_vut_fn_66'+0x20 (/Users/runner/work/vut_repo/vut_repo/spikes/mlink0/out/fx-http.o) to '_vut_rt_fs_write_v1'
  text-relocation in '_vut_fn_67'+0x50 (/Users/runner/work/vut_repo/vut_repo/spikes/mlink0/out/fx-http.o) to '_vut_rt_release_string_v1'
  text-relocation in '_vut_fn_67'+0x38 (/Users/runner/work/vut_repo/vut_repo/spikes/mlink0/out/fx-http.o) to '_vut_rt_release_string_v1'
  text-relocation in '_vut_fn_67'+0x20 (/Users/runner/work/vut_repo/vut_repo/spikes/mlink0/out/fx-http.o) to '_vut_rt_fs_write_str_v1'
  text-relocation in '_vut_fn_68'+0x50 (/Users/runner/work/vut_repo/vut_repo/spikes/mlink0/out/fx-http.o) to '_vut_rt_release_string_v1'
  text-relocation in '_vut_fn_68'+0x38 (/Users/runner/work/vut_repo/vut_repo/spikes/mlink0/out/fx-http.o) to '_vut_rt_bytes_release_v1'
  text-relocation in '_vut_fn_68'+0x20 (/Users/runner/work/vut_repo/vut_repo/spikes/mlink0/out/fx-http.o) to '_vut_rt_fs_append_v1'
  text-relocation in '_vut_fn_69'+0x50 (/Users/runner/work/vut_repo/vut_repo/spikes/mlink0/out/fx-http.o) to '_vut_rt_release_string_v1'
  text-relocation in '_vut_fn_69'+0x38 (/Users/runner/work/vut_repo/vut_repo/spikes/mlink0/out/fx-http.o) to '_vut_rt_release_string_v1'
  text-relocation in '_vut_fn_69'+0x20 (/Users/runner/work/vut_repo/vut_repo/spikes/mlink0/out/fx-http.o) to '_vut_rt_fs_append_str_v1'
  text-relocation in '_vut_fn_70'+0x30 (/Users/runner/work/vut_repo/vut_repo/spikes/mlink0/out/fx-http.o) to '_vut_rt_release_string_v1'
  text-relocation in '_vut_fn_70'+0x18 (/Users/runner/work/vut_repo/vut_repo/spikes/mlink0/out/fx-http.o) to '_vut_rt_fs_create_dir_v1'
  text-relocation in '_vut_fn_71'+0x30 (/Users/runner/work/vut_repo/vut_repo/spikes/mlink0/out/fx-http.o) to '_vut_rt_release_string_v1'
  text-relocation in '_vut_fn_71'+0x18 (/Users/runner/work/vut_repo/vut_repo/spikes/mlink0/out/fx-http.o) to '_vut_rt_fs_create_dir_all_v1'
  text-relocation in '_vut_fn_72'+0x30 (/Users/runner/work/vut_repo/vut_repo/spikes/mlink0/out/fx-http.o) to '_vut_rt_release_string_v1'
  text-relocation in '_vut_fn_72'+0x18 (/Users/runner/work/vut_repo/vut_repo/spikes/mlink0/out/fx-http.o) to '_vut_rt_fs_remove_dir_v1'
  text-relocation in '_vut_fn_73'+0x30 (/Users/runner/work/vut_repo/vut_repo/spikes/mlink0/out/fx-http.o) to '_vut_rt_release_string_v1'
  text-relocation in '_vut_fn_73'+0x18 (/Users/runner/work/vut_repo/vut_repo/spikes/mlink0/out/fx-http.o) to '_vut_rt_fs_remove_dir_all_v1'
  text-relocation in '_vut_fn_74'+0x30 (/Users/runner/work/vut_repo/vut_repo/spikes/mlink0/out/fx-http.o) to '_vut_rt_release_string_v1'
  text-relocation in '_vut_fn_74'+0x18 (/Users/runner/work/vut_repo/vut_repo/spikes/mlink0/out/fx-http.o) to '_vut_rt_fs_remove_file_v1'
  text-relocation in '_vut_fn_75'+0x50 (/Users/runner/work/vut_repo/vut_repo/spikes/mlink0/out/fx-http.o) to '_vut_rt_release_string_v1'
  text-relocation in '_vut_fn_75'+0x38 (/Users/runner/work/vut_repo/vut_repo/spikes/mlink0/out/fx-http.o) to '_vut_rt_release_string_v1'
  text-relocation in '_vut_fn_75'+0x20 (/Users/runner/work/vut_repo/vut_repo/spikes/mlink0/out/fx-http.o) to '_vut_rt_fs_copy_v1'
  text-relocation in '_vut_fn_76'+0x50 (/Users/runner/work/vut_repo/vut_repo/spikes/mlink0/out/fx-http.o) to '_vut_rt_release_string_v1'
  text-relocation in '_vut_fn_76'+0x38 (/Users/runner/work/vut_repo/vut_repo/spikes/mlink0/out/fx-http.o) to '_vut_rt_release_string_v1'
  text-relocation in '_vut_fn_76'+0x20 (/Users/runner/work/vut_repo/vut_repo/spikes/mlink0/out/fx-http.o) to '_vut_rt_fs_rename_v1'
  text-relocation in '_vut_fn_77'+0x30 (/Users/runner/work/vut_repo/vut_repo/spikes/mlink0/out/fx-http.o) to '_vut_rt_release_string_v1'
  text-relocation in '_vut_fn_77'+0x18 (/Users/runner/work/vut_repo/vut_repo/spikes/mlink0/out/fx-http.o) to '_vut_rt_fs_read_dir_v1'
  text-relocation in '_vut_fn_78'+0x30 (/Users/runner/work/vut_repo/vut_repo/spikes/mlink0/out/fx-http.o) to '_vut_rt_release_string_v1'
  text-relocation in '_vut_fn_78'+0x18 (/Users/runner/work/vut_repo/vut_repo/spikes/mlink0/out/fx-http.o) to '_vut_rt_fs_metadata_len_v1'
  text-relocation in '_vut_fn_79'+0x30 (/Users/runner/work/vut_repo/vut_repo/spikes/mlink0/out/fx-http.o) to '_vut_rt_release_string_v1'
  text-relocation in '_vut_fn_79'+0x18 (/Users/runner/work/vut_repo/vut_repo/spikes/mlink0/out/fx-http.o) to '_vut_rt_fs_metadata_is_file_v1'
  text-relocation in '_vut_fn_80'+0x30 (/Users/runner/work/vut_repo/vut_repo/spikes/mlink0/out/fx-http.o) to '_vut_rt_release_string_v1'
  text-relocation in '_vut_fn_80'+0x18 (/Users/runner/work/vut_repo/vut_repo/spikes/mlink0/out/fx-http.o) to '_vut_rt_fs_metadata_is_dir_v1'
  text-relocation in '_vut_fn_81'+0x30 (/Users/runner/work/vut_repo/vut_repo/spikes/mlink0/out/fx-http.o) to '_vut_rt_release_string_v1'
  text-relocation in '_vut_fn_81'+0x18 (/Users/runner/work/vut_repo/vut_repo/spikes/mlink0/out/fx-http.o) to '_vut_rt_fs_metadata_readonly_v1'
  text-relocation in '_vut_fn_82'+0x30 (/Users/runner/work/vut_repo/vut_repo/spikes/mlink0/out/fx-http.o) to '_vut_rt_release_string_v1'
  text-relocation in '_vut_fn_82'+0x18 (/Users/runner/work/vut_repo/vut_repo/spikes/mlink0/out/fx-http.o) to '_vut_rt_fs_metadata_modified_v1'
  text-relocation in '_vut_fn_83'+0x30 (/Users/runner/work/vut_repo/vut_repo/spikes/mlink0/out/fx-http.o) to '_vut_rt_release_string_v1'
  text-relocation in '_vut_fn_83'+0x18 (/Users/runner/work/vut_repo/vut_repo/spikes/mlink0/out/fx-http.o) to '_vut_rt_fs_metadata_created_v1'
  text-relocation in '_vut_fn_84'+0x30 (/Users/runner/work/vut_repo/vut_repo/spikes/mlink0/out/fx-http.o) to '_vut_rt_release_string_v1'
  text-relocation in '_vut_fn_84'+0x18 (/Users/runner/work/vut_repo/vut_repo/spikes/mlink0/out/fx-http.o) to '_vut_rt_fs_metadata_accessed_v1'
  text-relocation in '_vut_fn_85'+0x30 (/Users/runner/work/vut_repo/vut_repo/spikes/mlink0/out/fx-http.o) to '_vut_rt_release_string_v1'
  text-relocation in '_vut_fn_85'+0x18 (/Users/runner/work/vut_repo/vut_repo/spikes/mlink0/out/fx-http.o) to '_vut_rt_fs_set_readonly_v1'
  text-relocation in '_vut_fn_101'+0xA4 (/Users/runner/work/vut_repo/vut_repo/spikes/mlink0/out/fx-http.o) to '_vut_rt_bytes_release_v1'
  text-relocation in '_vut_fn_101'+0x68 (/Users/runner/work/vut_repo/vut_repo/spikes/mlink0/out/fx-http.o) to '_vut_rt_bytes_clone_v1'
  text-relocation in '_vut_fn_101'+0x48 (/Users/runner/work/vut_repo/vut_repo/spikes/mlink0/out/fx-http.o) to '_vut_rt_bytes_clone_v1'
  text-relocation in '_vut_fn_101'+0x24 (/Users/runner/work/vut_repo/vut_repo/spikes/mlink0/out/fx-http.o) to '_vut_rt_bytes_clone_v1'
  text-relocation in '_vut_fn_105'+0xC8 (/Users/runner/work/vut_repo/vut_repo/spikes/mlink0/out/fx-http.o) to '_vut_rt_bytes_release_v1'
  text-relocation in '_vut_fn_105'+0x9C (/Users/runner/work/vut_repo/vut_repo/spikes/mlink0/out/fx-http.o) to '_vut_rt_bytes_clone_v1'
  text-relocation in '_vut_fn_105'+0x6C (/Users/runner/work/vut_repo/vut_repo/spikes/mlink0/out/fx-http.o) to '_vut_rt_bytes_clone_v1'
  text-relocation in '_vut_fn_105'+0x4C (/Users/runner/work/vut_repo/vut_repo/spikes/mlink0/out/fx-http.o) to '_vut_rt_bytes_clone_v1'
  text-relocation in '_vut_fn_105'+0x2C (/Users/runner/work/vut_repo/vut_repo/spikes/mlink0/out/fx-http.o) to '_vut_rt_bytes_clone_v1'
  text-relocation in '_vut_fn_106'+0xC8 (/Users/runner/work/vut_repo/vut_repo/spikes/mlink0/out/fx-http.o) to '_vut_rt_bytes_release_v1'
  text-relocation in '_vut_fn_106'+0x9C (/Users/runner/work/vut_repo/vut_repo/spikes/mlink0/out/fx-http.o) to '_vut_rt_bytes_clone_v1'
  text-relocation in '_vut_fn_106'+0x6C (/Users/runner/work/vut_repo/vut_repo/spikes/mlink0/out/fx-http.o) to '_vut_rt_bytes_clone_v1'
  text-relocation in '_vut_fn_106'+0x4C (/Users/runner/work/vut_repo/vut_repo/spikes/mlink0/out/fx-http.o) to '_vut_rt_bytes_clone_v1'
  text-relocation in '_vut_fn_106'+0x2C (/Users/runner/work/vut_repo/vut_repo/spikes/mlink0/out/fx-http.o) to '_vut_rt_bytes_clone_v1'
  text-relocation in '_vut_fn_116'+0x104 (/Users/runner/work/vut_repo/vut_repo/spikes/mlink0/out/fx-http.o) to '_vut_rt_bytes_release_v1'
  text-relocation in '_vut_fn_116'+0xDC (/Users/runner/work/vut_repo/vut_repo/spikes/mlink0/out/fx-http.o) to '_vut_rt_bytes_release_v1'
  text-relocation in '_vut_fn_116'+0xC4 (/Users/runner/work/vut_repo/vut_repo/spikes/mlink0/out/fx-http.o) to '_vut_rt_bytes_read_i64_v1'
  text-relocation in '_vut_fn_116'+0xA0 (/Users/runner/work/vut_repo/vut_repo/spikes/mlink0/out/fx-http.o) to '_vut_rt_bytes_clone_v1'
  text-relocation in '_vut_fn_116'+0x70 (/Users/runner/work/vut_repo/vut_repo/spikes/mlink0/out/fx-http.o) to '_vut_rt_bytes_clone_v1'
  text-relocation in '_vut_fn_116'+0x50 (/Users/runner/work/vut_repo/vut_repo/spikes/mlink0/out/fx-http.o) to '_vut_rt_bytes_clone_v1'
  text-relocation in '_vut_fn_116'+0x30 (/Users/runner/work/vut_repo/vut_repo/spikes/mlink0/out/fx-http.o) to '_vut_rt_bytes_clone_v1'
  text-relocation in '_vut_fn_118'+0xC8 (/Users/runner/work/vut_repo/vut_repo/spikes/mlink0/out/fx-http.o) to '_vut_rt_bytes_release_v1'
  text-relocation in '_vut_fn_118'+0x9C (/Users/runner/work/vut_repo/vut_repo/spikes/mlink0/out/fx-http.o) to '_vut_rt_bytes_clone_v1'
  text-relocation in '_vut_fn_118'+0x6C (/Users/runner/work/vut_repo/vut_repo/spikes/mlink0/out/fx-http.o) to '_vut_rt_bytes_clone_v1'
  text-relocation in '_vut_fn_118'+0x4C (/Users/runner/work/vut_repo/vut_repo/spikes/mlink0/out/fx-http.o) to '_vut_rt_bytes_clone_v1'
  text-relocation in '_vut_fn_118'+0x2C (/Users/runner/work/vut_repo/vut_repo/spikes/mlink0/out/fx-http.o) to '_vut_rt_bytes_clone_v1'
  text-relocation in '_vut_fn_119'+0x34 (/Users/runner/work/vut_repo/vut_repo/spikes/mlink0/out/fx-http.o) to '_vut_rt_release_string_v1'
  text-relocation in '_vut_fn_119'+0x1C (/Users/runner/work/vut_repo/vut_repo/spikes/mlink0/out/fx-http.o) to '_vut_rt_fs_set_readonly_v1'
  text-relocation in '_vut_fn_120'+0x34 (/Users/runner/work/vut_repo/vut_repo/spikes/mlink0/out/fx-http.o) to '_vut_rt_release_string_v1'
  text-relocation in '_vut_fn_120'+0x1C (/Users/runner/work/vut_repo/vut_repo/spikes/mlink0/out/fx-http.o) to '_vut_rt_fs_set_readonly_v1'
  text-relocation in '_vut_fn_121'+0xB0 (/Users/runner/work/vut_repo/vut_repo/spikes/mlink0/out/fx-http.o) to '_vut_rt_release_string_v1'
  text-relocation in '_vut_fn_121'+0x8C (/Users/runner/work/vut_repo/vut_repo/spikes/mlink0/out/fx-http.o) to '_vut_rt_bytes_release_v1'
  text-relocation in '_vut_fn_121'+0x68 (/Users/runner/work/vut_repo/vut_repo/spikes/mlink0/out/fx-http.o) to '_vut_rt_retain_string_v1'
  text-relocation in '_vut_fn_121'+0x2C (/Users/runner/work/vut_repo/vut_repo/spikes/mlink0/out/fx-http.o) to '_vut_rt_retain_string_v1'
  text-relocation in '_vut_fn_123'+0x30 (/Users/runner/work/vut_repo/vut_repo/spikes/mlink0/out/fx-http.o) to '_vut_rt_string_from_utf8_v1'
  text-relocation in '_vut_fn_124'+0x1A8 (/Users/runner/work/vut_repo/vut_repo/spikes/mlink0/out/fx-http.o) to '_vut_rt_release_string_v1'
  text-relocation in '_vut_fn_124'+0x150 (/Users/runner/work/vut_repo/vut_repo/spikes/mlink0/out/fx-http.o) to '_vut_rt_retain_string_v1'
  text-relocation in '_vut_fn_124'+0x12C (/Users/runner/work/vut_repo/vut_repo/spikes/mlink0/out/fx-http.o) to '_vut_rt_retain_string_v1'
  text-relocation in '_vut_fn_124'+0x108 (/Users/runner/work/vut_repo/vut_repo/spikes/mlink0/out/fx-http.o) to '_vut_rt_retain_string_v1'
  text-relocation in '_vut_fn_124'+0xE0 (/Users/runner/work/vut_repo/vut_repo/spikes/mlink0/out/fx-http.o) to '_vut_rt_retain_string_v1'
  text-relocation in '_vut_fn_124'+0xB8 (/Users/runner/work/vut_repo/vut_repo/spikes/mlink0/out/fx-http.o) to '_vut_rt_retain_string_v1'
  text-relocation in '_vut_fn_124'+0x90 (/Users/runner/work/vut_repo/vut_repo/spikes/mlink0/out/fx-http.o) to '_vut_rt_retain_string_v1'
  text-relocation in '_vut_fn_124'+0x6C (/Users/runner/work/vut_repo/vut_repo/spikes/mlink0/out/fx-http.o) to '_vut_rt_retain_string_v1'
  text-relocation in '_vut_fn_124'+0x2C (/Users/runner/work/vut_repo/vut_repo/spikes/mlink0/out/fx-http.o) to '_vut_rt_retain_string_v1'
  text-relocation in '_vut_fn_348'+0x144 (/Users/runner/work/vut_repo/vut_repo/spikes/mlink0/out/fx-http.o) to '_vut_rt_string_from_utf8_v1'
  text-relocation in '_vut_fn_348'+0x120 (/Users/runner/work/vut_repo/vut_repo/spikes/mlink0/out/fx-http.o) to '_vut_rt_string_from_utf8_v1'
  text-relocation in '_vut_fn_348'+0xFC (/Users/runner/work/vut_repo/vut_repo/spikes/mlink0/out/fx-http.o) to '_vut_rt_string_from_utf8_v1'
  text-relocation in '_vut_fn_348'+0xD8 (/Users/runner/work/vut_repo/vut_repo/spikes/mlink0/out/fx-http.o) to '_vut_rt_string_from_utf8_v1'
  text-relocation in '_vut_fn_348'+0xB4 (/Users/runner/work/vut_repo/vut_repo/spikes/mlink0/out/fx-http.o) to '_vut_rt_string_from_utf8_v1'
  text-relocation in '_vut_fn_348'+0x90 (/Users/runner/work/vut_repo/vut_repo/spikes/mlink0/out/fx-http.o) to '_vut_rt_string_from_utf8_v1'
  text-relocation in '_vut_fn_348'+0x6C (/Users/runner/work/vut_repo/vut_repo/spikes/mlink0/out/fx-http.o) to '_vut_rt_string_from_utf8_v1'
  text-relocation in '_vut_fn_130'+0x130 (/Users/runner/work/vut_repo/vut_repo/spikes/mlink0/out/fx-http.o) to '_vut_rt_release_string_v1'
  text-relocation in '_vut_fn_130'+0x118 (/Users/runner/work/vut_repo/vut_repo/spikes/mlink0/out/fx-http.o) to '_vut_rt_release_string_v1'
  text-relocation in '_vut_fn_130'+0x100 (/Users/runner/work/vut_repo/vut_repo/spikes/mlink0/out/fx-http.o) to '_vut_rt_release_string_v1'
  text-relocation in '_vut_fn_130'+0xE8 (/Users/runner/work/vut_repo/vut_repo/spikes/mlink0/out/fx-http.o) to '_vut_rt_string_to_lower_v1'
  text-relocation in '_vut_fn_130'+0xCC (/Users/runner/work/vut_repo/vut_repo/spikes/mlink0/out/fx-http.o) to '_vut_rt_string_trim_v1'
  text-relocation in '_vut_fn_130'+0xAC (/Users/runner/work/vut_repo/vut_repo/spikes/mlink0/out/fx-http.o) to '_vut_rt_string_substring_v1'
  text-relocation in '_vut_fn_130'+0x88 (/Users/runner/work/vut_repo/vut_repo/spikes/mlink0/out/fx-http.o) to '_vut_rt_retain_string_v1'
  text-relocation in '_vut_fn_130'+0x64 (/Users/runner/work/vut_repo/vut_repo/spikes/mlink0/out/fx-http.o) to '_vut_rt_release_string_v1'
  text-relocation in '_vut_fn_130'+0x44 (/Users/runner/work/vut_repo/vut_repo/spikes/mlink0/out/fx-http.o) to '_vut_rt_string_find_v1'
  text-relocation in '_vut_fn_130'+0x2C (/Users/runner/work/vut_repo/vut_repo/spikes/mlink0/out/fx-http.o) to '_vut_rt_string_from_utf8_v1'
  text-relocation in '_vut_fn_131'+0x120 (/Users/runner/work/vut_repo/vut_repo/spikes/mlink0/out/fx-http.o) to '_vut_rt_release_string_v1'
  text-relocation in '_vut_fn_131'+0x108 (/Users/runner/work/vut_repo/vut_repo/spikes/mlink0/out/fx-http.o) to '_vut_rt_release_string_v1'
  text-relocation in '_vut_fn_131'+0xEC (/Users/runner/work/vut_repo/vut_repo/spikes/mlink0/out/fx-http.o) to '_vut_rt_string_trim_v1'
  text-relocation in '_vut_fn_131'+0xC8 (/Users/runner/work/vut_repo/vut_repo/spikes/mlink0/out/fx-http.o) to '_vut_rt_string_substring_v1'
  text-relocation in '_vut_fn_131'+0xB0 (/Users/runner/work/vut_repo/vut_repo/spikes/mlink0/out/fx-http.o) to '_vut_rt_string_byte_len_v1'
  text-relocation in '_vut_fn_131'+0x90 (/Users/runner/work/vut_repo/vut_repo/spikes/mlink0/out/fx-http.o) to '_vut_rt_string_from_utf8_v1'
  text-relocation in '_vut_fn_131'+0x60 (/Users/runner/work/vut_repo/vut_repo/spikes/mlink0/out/fx-http.o) to '_vut_rt_release_string_v1'
  text-relocation in '_vut_fn_131'+0x40 (/Users/runner/work/vut_repo/vut_repo/spikes/mlink0/out/fx-http.o) to '_vut_rt_string_find_v1'
  text-relocation in '_vut_fn_131'+0x28 (/Users/runner/work/vut_repo/vut_repo/spikes/mlink0/out/fx-http.o) to '_vut_rt_string_from_utf8_v1'
  text-relocation in '_vut_fn_132'+0x250 (/Users/runner/work/vut_repo/vut_repo/spikes/mlink0/out/fx-http.o) to '_vut_rt_release_string_v1'
  text-relocation in '_vut_fn_132'+0x238 (/Users/runner/work/vut_repo/vut_repo/spikes/mlink0/out/fx-http.o) to '_vut_rt_list_push_v1'
  text-relocation in '_vut_fn_132'+0x20C (/Users/runner/work/vut_repo/vut_repo/spikes/mlink0/out/fx-http.o) to '_vut_rt_release_string_v1'
  text-relocation in '_vut_fn_132'+0x1F4 (/Users/runner/work/vut_repo/vut_repo/spikes/mlink0/out/fx-http.o) to '_vut_rt_string_byte_len_v1'
  text-relocation in '_vut_fn_132'+0x1D8 (/Users/runner/work/vut_repo/vut_repo/spikes/mlink0/out/fx-http.o) to '_vut_rt_string_trim_v1'
  text-relocation in '_vut_fn_132'+0x1BC (/Users/runner/work/vut_repo/vut_repo/spikes/mlink0/out/fx-http.o) to '_vut_rt_retain_string_v1'
  text-relocation in '_vut_fn_132'+0x17C (/Users/runner/work/vut_repo/vut_repo/spikes/mlink0/out/fx-http.o) to '_vut_rt_release_string_v1'
  text-relocation in '_vut_fn_132'+0x160 (/Users/runner/work/vut_repo/vut_repo/spikes/mlink0/out/fx-http.o) to '_vut_rt_list_release_v1'
  text-relocation in '_vut_fn_132'+0xE0 (/Users/runner/work/vut_repo/vut_repo/spikes/mlink0/out/fx-http.o) to '_vut_rt_list_len_v1'
  text-relocation in '_vut_fn_132'+0xBC (/Users/runner/work/vut_repo/vut_repo/spikes/mlink0/out/fx-http.o) to '_vut_rt_list_data_v1'
  text-relocation in '_vut_fn_132'+0xA4 (/Users/runner/work/vut_repo/vut_repo/spikes/mlink0/out/fx-http.o) to '_vut_rt_release_string_v1'
  text-relocation in '_vut_fn_132'+0x84 (/Users/runner/work/vut_repo/vut_repo/spikes/mlink0/out/fx-http.o) to '_vut_rt_string_split_v1'
  text-relocation in '_vut_fn_132'+0x6C (/Users/runner/work/vut_repo/vut_repo/spikes/mlink0/out/fx-http.o) to '_vut_rt_string_from_utf8_v1'
  text-relocation in '_vut_fn_132'+0x48 (/Users/runner/work/vut_repo/vut_repo/spikes/mlink0/out/fx-http.o) to '_vut_rt_list_new_v1'
  text-relocation in '_vut_fn_354'+0x264 (/Users/runner/work/vut_repo/vut_repo/spikes/mlink0/out/fx-http.o) to '_vut_rt_release_string_v1'
  text-relocation in '_vut_fn_354'+0x24C (/Users/runner/work/vut_repo/vut_repo/spikes/mlink0/out/fx-http.o) to '_vut_rt_release_string_v1'
  text-relocation in '_vut_fn_354'+0x234 (/Users/runner/work/vut_repo/vut_repo/spikes/mlink0/out/fx-http.o) to '_vut_rt_release_string_v1'
  text-relocation in '_vut_fn_354'+0x21C (/Users/runner/work/vut_repo/vut_repo/spikes/mlink0/out/fx-http.o) to '_vut_rt_release_string_v1'
  text-relocation in '_vut_fn_354'+0x1FC (/Users/runner/work/vut_repo/vut_repo/spikes/mlink0/out/fx-http.o) to '_vut_rt_concat_v1'
  text-relocation in '_vut_fn_354'+0x1E4 (/Users/runner/work/vut_repo/vut_repo/spikes/mlink0/out/fx-http.o) to '_vut_rt_string_from_utf8_v1'
  text-relocation in '_vut_fn_354'+0x1C0 (/Users/runner/work/vut_repo/vut_repo/spikes/mlink0/out/fx-http.o) to '_vut_rt_release_string_v1'
  text-relocation in '_vut_fn_354'+0x1A8 (/Users/runner/work/vut_repo/vut_repo/spikes/mlink0/out/fx-http.o) to '_vut_rt_release_string_v1'
  text-relocation in '_vut_fn_354'+0x188 (/Users/runner/work/vut_repo/vut_repo/spikes/mlink0/out/fx-http.o) to '_vut_rt_concat_v1'
  text-relocation in '_vut_fn_354'+0x170 (/Users/runner/work/vut_repo/vut_repo/spikes/mlink0/out/fx-http.o) to '_vut_rt_retain_string_v1'
  text-relocation in '_vut_fn_354'+0x158 (/Users/runner/work/vut_repo/vut_repo/spikes/mlink0/out/fx-http.o) to '_vut_rt_retain_string_v1'
  text-relocation in '_vut_fn_354'+0x140 (/Users/runner/work/vut_repo/vut_repo/spikes/mlink0/out/fx-http.o) to '_vut_rt_retain_string_v1'
  text-relocation in '_vut_fn_354'+0x10C (/Users/runner/work/vut_repo/vut_repo/spikes/mlink0/out/fx-http.o) to '_vut_rt_list_release_v1'
  text-relocation in '_vut_fn_354'+0x8C (/Users/runner/work/vut_repo/vut_repo/spikes/mlink0/out/fx-http.o) to '_vut_rt_list_len_v1'
  text-relocation in '_vut_fn_354'+0x68 (/Users/runner/work/vut_repo/vut_repo/spikes/mlink0/out/fx-http.o) to '_vut_rt_list_data_v1'
  text-relocation in '_vut_fn_354'+0x54 (/Users/runner/work/vut_repo/vut_repo/spikes/mlink0/out/fx-http.o) to '_vut_rt_list_retain_v1'
  text-relocation in '_vut_fn_354'+0x30 (/Users/runner/work/vut_repo/vut_repo/spikes/mlink0/out/fx-http.o) to '_vut_rt_string_from_utf8_v1'
  text-relocation in '_vut_fn_355'+0x2CC (/Users/runner/work/vut_repo/vut_repo/spikes/mlink0/out/fx-http.o) to '_vut_rt_release_string_v1'
  text-relocation in '_vut_fn_355'+0x2B4 (/Users/runner/work/vut_repo/vut_repo/spikes/mlink0/out/fx-http.o) to '_vut_rt_release_string_v1'
  text-relocation in '_vut_fn_355'+0x29C (/Users/runner/work/vut_repo/vut_repo/spikes/mlink0/out/fx-http.o) to '_vut_rt_release_string_v1'
  text-relocation in '_vut_fn_355'+0x284 (/Users/runner/work/vut_repo/vut_repo/spikes/mlink0/out/fx-http.o) to '_vut_rt_list_release_v1'
  text-relocation in '_vut_fn_355'+0x260 (/Users/runner/work/vut_repo/vut_repo/spikes/mlink0/out/fx-http.o) to '_vut_rt_retain_string_v1'
  text-relocation in '_vut_fn_355'+0x244 (/Users/runner/work/vut_repo/vut_repo/spikes/mlink0/out/fx-http.o) to '_vut_rt_release_string_v1'
  text-relocation in '_vut_fn_355'+0x220 (/Users/runner/work/vut_repo/vut_repo/spikes/mlink0/out/fx-http.o) to '_vut_rt_release_string_v1'
  text-relocation in '_vut_fn_355'+0x208 (/Users/runner/work/vut_repo/vut_repo/spikes/mlink0/out/fx-http.o) to '_vut_rt_release_string_v1'
  text-relocation in '_vut_fn_355'+0x1E8 (/Users/runner/work/vut_repo/vut_repo/spikes/mlink0/out/fx-http.o) to '_vut_rt_string_eq_v1'
  text-relocation in '_vut_fn_355'+0x1D0 (/Users/runner/work/vut_repo/vut_repo/spikes/mlink0/out/fx-http.o) to '_vut_rt_retain_string_v1'
  text-relocation in '_vut_fn_355'+0x1AC (/Users/runner/work/vut_repo/vut_repo/spikes/mlink0/out/fx-http.o) to '_vut_rt_retain_string_v1'
  text-relocation in '_vut_fn_355'+0x194 (/Users/runner/work/vut_repo/vut_repo/spikes/mlink0/out/fx-http.o) to '_vut_rt_retain_string_v1'
  text-relocation in '_vut_fn_355'+0x160 (/Users/runner/work/vut_repo/vut_repo/spikes/mlink0/out/fx-http.o) to '_vut_rt_release_string_v1'
  text-relocation in '_vut_fn_355'+0x148 (/Users/runner/work/vut_repo/vut_repo/spikes/mlink0/out/fx-http.o) to '_vut_rt_release_string_v1'
  text-relocation in '_vut_fn_355'+0x130 (/Users/runner/work/vut_repo/vut_repo/spikes/mlink0/out/fx-http.o) to '_vut_rt_string_from_utf8_v1'
  text-relocation in '_vut_fn_355'+0x10C (/Users/runner/work/vut_repo/vut_repo/spikes/mlink0/out/fx-http.o) to '_vut_rt_list_release_v1'
  text-relocation in '_vut_fn_355'+0x8C (/Users/runner/work/vut_repo/vut_repo/spikes/mlink0/out/fx-http.o) to '_vut_rt_list_len_v1'
  text-relocation in '_vut_fn_355'+0x68 (/Users/runner/work/vut_repo/vut_repo/spikes/mlink0/out/fx-http.o) to '_vut_rt_list_data_v1'
  text-relocation in '_vut_fn_355'+0x54 (/Users/runner/work/vut_repo/vut_repo/spikes/mlink0/out/fx-http.o) to '_vut_rt_list_retain_v1'
  text-relocation in '_vut_fn_355'+0x28 (/Users/runner/work/vut_repo/vut_repo/spikes/mlink0/out/fx-http.o) to '_vut_rt_string_to_lower_v1'
  text-relocation in '_vut_fn_356'+0x34 (/Users/runner/work/vut_repo/vut_repo/spikes/mlink0/out/fx-http.o) to '_vut_rt_release_string_v1'
  text-relocation in '_vut_fn_356'+0x1C (/Users/runner/work/vut_repo/vut_repo/spikes/mlink0/out/fx-http.o) to '_vut_rt_string_byte_len_v1'
  text-relocation in '_vut_fn_357'+0x144 (/Users/runner/work/vut_repo/vut_repo/spikes/mlink0/out/fx-http.o) to '_vut_rt_release_string_v1'
  text-relocation in '_vut_fn_357'+0x12C (/Users/runner/work/vut_repo/vut_repo/spikes/mlink0/out/fx-http.o) to '_vut_rt_list_release_v1'
  text-relocation in '_vut_fn_357'+0x114 (/Users/runner/work/vut_repo/vut_repo/spikes/mlink0/out/fx-http.o) to '_vut_rt_list_push_v1'
  text-relocation in '_vut_fn_357'+0xF0 (/Users/runner/work/vut_repo/vut_repo/spikes/mlink0/out/fx-http.o) to '_vut_rt_release_string_v1'
  text-relocation in '_vut_fn_357'+0xD8 (/Users/runner/work/vut_repo/vut_repo/spikes/mlink0/out/fx-http.o) to '_vut_rt_release_string_v1'
  text-relocation in '_vut_fn_357'+0xB8 (/Users/runner/work/vut_repo/vut_repo/spikes/mlink0/out/fx-http.o) to '_vut_rt_concat_v1'
  text-relocation in '_vut_fn_357'+0xA0 (/Users/runner/work/vut_repo/vut_repo/spikes/mlink0/out/fx-http.o) to '_vut_rt_release_string_v1'
  text-relocation in '_vut_fn_357'+0x88 (/Users/runner/work/vut_repo/vut_repo/spikes/mlink0/out/fx-http.o) to '_vut_rt_release_string_v1'
  text-relocation in '_vut_fn_357'+0x68 (/Users/runner/work/vut_repo/vut_repo/spikes/mlink0/out/fx-http.o) to '_vut_rt_concat_v1'
  text-relocation in '_vut_fn_357'+0x50 (/Users/runner/work/vut_repo/vut_repo/spikes/mlink0/out/fx-http.o) to '_vut_rt_string_from_utf8_v1'
  text-relocation in '_vut_fn_357'+0x2C (/Users/runner/work/vut_repo/vut_repo/spikes/mlink0/out/fx-http.o) to '_vut_rt_list_retain_v1'
  text-relocation in '_vut_fn_358'+0x37C (/Users/runner/work/vut_repo/vut_repo/spikes/mlink0/out/fx-http.o) to '_vut_rt_release_string_v1'
  text-relocation in '_vut_fn_358'+0x364 (/Users/runner/work/vut_repo/vut_repo/spikes/mlink0/out/fx-http.o) to '_vut_rt_list_push_v1'
  text-relocation in '_vut_fn_358'+0x338 (/Users/runner/work/vut_repo/vut_repo/spikes/mlink0/out/fx-http.o) to '_vut_rt_release_string_v1'
  text-relocation in '_vut_fn_358'+0x320 (/Users/runner/work/vut_repo/vut_repo/spikes/mlink0/out/fx-http.o) to '_vut_rt_release_string_v1'
  text-relocation in '_vut_fn_358'+0x300 (/Users/runner/work/vut_repo/vut_repo/spikes/mlink0/out/fx-http.o) to '_vut_rt_string_eq_v1'
  text-relocation in '_vut_fn_358'+0x2E8 (/Users/runner/work/vut_repo/vut_repo/spikes/mlink0/out/fx-http.o) to '_vut_rt_retain_string_v1'
  text-relocation in '_vut_fn_358'+0x2C4 (/Users/runner/work/vut_repo/vut_repo/spikes/mlink0/out/fx-http.o) to '_vut_rt_retain_string_v1'
  text-relocation in '_vut_fn_358'+0x2AC (/Users/runner/work/vut_repo/vut_repo/spikes/mlink0/out/fx-http.o) to '_vut_rt_retain_string_v1'
  text-relocation in '_vut_fn_358'+0x274 (/Users/runner/work/vut_repo/vut_repo/spikes/mlink0/out/fx-http.o) to '_vut_rt_release_string_v1'
  text-relocation in '_vut_fn_358'+0x25C (/Users/runner/work/vut_repo/vut_repo/spikes/mlink0/out/fx-http.o) to '_vut_rt_list_release_v1'
  text-relocation in '_vut_fn_358'+0x240 (/Users/runner/work/vut_repo/vut_repo/spikes/mlink0/out/fx-http.o) to '_vut_rt_release_string_v1'
  text-relocation in '_vut_fn_358'+0x228 (/Users/runner/work/vut_repo/vut_repo/spikes/mlink0/out/fx-http.o) to '_vut_rt_list_push_v1'
  text-relocation in '_vut_fn_358'+0x204 (/Users/runner/work/vut_repo/vut_repo/spikes/mlink0/out/fx-http.o) to '_vut_rt_release_string_v1'
  text-relocation in '_vut_fn_358'+0x1EC (/Users/runner/work/vut_repo/vut_repo/spikes/mlink0/out/fx-http.o) to '_vut_rt_release_string_v1'
  text-relocation in '_vut_fn_358'+0x1CC (/Users/runner/work/vut_repo/vut_repo/spikes/mlink0/out/fx-http.o) to '_vut_rt_concat_v1'
  text-relocation in '_vut_fn_358'+0x1B4 (/Users/runner/work/vut_repo/vut_repo/spikes/mlink0/out/fx-http.o) to '_vut_rt_release_string_v1'
  text-relocation in '_vut_fn_358'+0x19C (/Users/runner/work/vut_repo/vut_repo/spikes/mlink0/out/fx-http.o) to '_vut_rt_release_string_v1'
  text-relocation in '_vut_fn_358'+0x17C (/Users/runner/work/vut_repo/vut_repo/spikes/mlink0/out/fx-http.o) to '_vut_rt_concat_v1'
  text-relocation in '_vut_fn_358'+0x164 (/Users/runner/work/vut_repo/vut_repo/spikes/mlink0/out/fx-http.o) to '_vut_rt_string_from_utf8_v1'
  text-relocation in '_vut_fn_358'+0x140 (/Users/runner/work/vut_repo/vut_repo/spikes/mlink0/out/fx-http.o) to '_vut_rt_list_release_v1'
  text-relocation in '_vut_fn_358'+0xC4 (/Users/runner/work/vut_repo/vut_repo/spikes/mlink0/out/fx-http.o) to '_vut_rt_list_len_v1'
  text-relocation in '_vut_fn_358'+0xA0 (/Users/runner/work/vut_repo/vut_repo/spikes/mlink0/out/fx-http.o) to '_vut_rt_list_data_v1'
  text-relocation in '_vut_fn_358'+0x8C (/Users/runner/work/vut_repo/vut_repo/spikes/mlink0/out/fx-http.o) to '_vut_rt_list_retain_v1'
  text-relocation in '_vut_fn_358'+0x6C (/Users/runner/work/vut_repo/vut_repo/spikes/mlink0/out/fx-http.o) to '_vut_rt_list_new_v1'
  text-relocation in '_vut_fn_358'+0x34 (/Users/runner/work/vut_repo/vut_repo/spikes/mlink0/out/fx-http.o) to '_vut_rt_string_to_lower_v1'
  text-relocation in '_vut_fn_359'+0x290 (/Users/runner/work/vut_repo/vut_repo/spikes/mlink0/out/fx-http.o) to '_vut_rt_release_string_v1'
  text-relocation in '_vut_fn_359'+0x278 (/Users/runner/work/vut_repo/vut_repo/spikes/mlink0/out/fx-http.o) to '_vut_rt_list_push_v1'
  text-relocation in '_vut_fn_359'+0x24C (/Users/runner/work/vut_repo/vut_repo/spikes/mlink0/out/fx-http.o) to '_vut_rt_release_string_v1'
  text-relocation in '_vut_fn_359'+0x234 (/Users/runner/work/vut_repo/vut_repo/spikes/mlink0/out/fx-http.o) to '_vut_rt_release_string_v1'
  text-relocation in '_vut_fn_359'+0x214 (/Users/runner/work/vut_repo/vut_repo/spikes/mlink0/out/fx-http.o) to '_vut_rt_string_eq_v1'
  text-relocation in '_vut_fn_359'+0x1FC (/Users/runner/work/vut_repo/vut_repo/spikes/mlink0/out/fx-http.o) to '_vut_rt_retain_string_v1'
  text-relocation in '_vut_fn_359'+0x1D8 (/Users/runner/work/vut_repo/vut_repo/spikes/mlink0/out/fx-http.o) to '_vut_rt_retain_string_v1'
  text-relocation in '_vut_fn_359'+0x1BC (/Users/runner/work/vut_repo/vut_repo/spikes/mlink0/out/fx-http.o) to '_vut_rt_retain_string_v1'
  text-relocation in '_vut_fn_359'+0x188 (/Users/runner/work/vut_repo/vut_repo/spikes/mlink0/out/fx-http.o) to '_vut_rt_release_string_v1'
  text-relocation in '_vut_fn_359'+0x170 (/Users/runner/work/vut_repo/vut_repo/spikes/mlink0/out/fx-http.o) to '_vut_rt_release_string_v1'
  text-relocation in '_vut_fn_359'+0x158 (/Users/runner/work/vut_repo/vut_repo/spikes/mlink0/out/fx-http.o) to '_vut_rt_list_release_v1'
  text-relocation in '_vut_fn_359'+0x13C (/Users/runner/work/vut_repo/vut_repo/spikes/mlink0/out/fx-http.o) to '_vut_rt_list_release_v1'
  text-relocation in '_vut_fn_359'+0xBC (/Users/runner/work/vut_repo/vut_repo/spikes/mlink0/out/fx-http.o) to '_vut_rt_list_len_v1'
  text-relocation in '_vut_fn_359'+0x98 (/Users/runner/work/vut_repo/vut_repo/spikes/mlink0/out/fx-http.o) to '_vut_rt_list_data_v1'
  text-relocation in '_vut_fn_359'+0x84 (/Users/runner/work/vut_repo/vut_repo/spikes/mlink0/out/fx-http.o) to '_vut_rt_list_retain_v1'
  text-relocation in '_vut_fn_359'+0x64 (/Users/runner/work/vut_repo/vut_repo/spikes/mlink0/out/fx-http.o) to '_vut_rt_list_new_v1'
  text-relocation in '_vut_fn_359'+0x2C (/Users/runner/work/vut_repo/vut_repo/spikes/mlink0/out/fx-http.o) to '_vut_rt_string_to_lower_v1'
  text-relocation in '_vut_fn_360'+0x18 (/Users/runner/work/vut_repo/vut_repo/spikes/mlink0/out/fx-http.o) to '_vut_rt_bytes_retain_v1'
  text-relocation in '_vut_fn_361'+0x164 (/Users/runner/work/vut_repo/vut_repo/spikes/mlink0/out/fx-http.o) to '_vut_rt_release_string_v1'
  text-relocation in '_vut_fn_361'+0x13C (/Users/runner/work/vut_repo/vut_repo/spikes/mlink0/out/fx-http.o) to '_vut_rt_retain_string_v1'
  text-relocation in '_vut_fn_361'+0xF4 (/Users/runner/work/vut_repo/vut_repo/spikes/mlink0/out/fx-http.o) to '_vut_rt_string_from_utf8_v1'
  text-relocation in '_vut_fn_361'+0xB4 (/Users/runner/work/vut_repo/vut_repo/spikes/mlink0/out/fx-http.o) to '_vut_rt_bytes_release_v1'
  text-relocation in '_vut_fn_361'+0x78 (/Users/runner/work/vut_repo/vut_repo/spikes/mlink0/out/fx-http.o) to '_vut_rt_bytes_utf8_error_len_v1'
  text-relocation in '_vut_fn_361'+0x5C (/Users/runner/work/vut_repo/vut_repo/spikes/mlink0/out/fx-http.o) to '_vut_rt_bytes_utf8_valid_up_to_v1'
  text-relocation in '_vut_fn_361'+0x3C (/Users/runner/work/vut_repo/vut_repo/spikes/mlink0/out/fx-http.o) to '_vut_rt_bytes_to_str_v1'
  text-relocation in '_vut_fn_361'+0x24 (/Users/runner/work/vut_repo/vut_repo/spikes/mlink0/out/fx-http.o) to '_vut_rt_bytes_retain_v1'
  text-relocation in '_vut_fn_364'+0x58 (/Users/runner/work/vut_repo/vut_repo/spikes/mlink0/out/fx-http.o) to '_vut_rt_bytes_release_v1'
  text-relocation in '_vut_fn_364'+0x3C (/Users/runner/work/vut_repo/vut_repo/spikes/mlink0/out/fx-http.o) to '_vut_rt_http_stream_chunk_v1'
  text-relocation in '_vut_fn_364'+0x24 (/Users/runner/work/vut_repo/vut_repo/spikes/mlink0/out/fx-http.o) to '_vut_rt_bytes_retain_v1'
  text-relocation in '_vut_fn_137'+0x120 (/Users/runner/work/vut_repo/vut_repo/spikes/mlink0/out/fx-http.o) to '_vut_rt_bytes_release_v1'
  text-relocation in '_vut_fn_137'+0x108 (/Users/runner/work/vut_repo/vut_repo/spikes/mlink0/out/fx-http.o) to '_vut_rt_release_string_v1'
  text-relocation in '_vut_fn_137'+0xF0 (/Users/runner/work/vut_repo/vut_repo/spikes/mlink0/out/fx-http.o) to '_vut_rt_release_string_v1'
  text-relocation in '_vut_fn_137'+0xD8 (/Users/runner/work/vut_repo/vut_repo/spikes/mlink0/out/fx-http.o) to '_vut_rt_retain_string_v1'
  text-relocation in '_vut_fn_137'+0xB0 (/Users/runner/work/vut_repo/vut_repo/spikes/mlink0/out/fx-http.o) to '_vut_rt_retain_string_v1'
  text-relocation in '_vut_fn_137'+0x60 (/Users/runner/work/vut_repo/vut_repo/spikes/mlink0/out/fx-http.o) to '_vut_rt_bytes_utf8_error_len_v1'
  text-relocation in '_vut_fn_137'+0x44 (/Users/runner/work/vut_repo/vut_repo/spikes/mlink0/out/fx-http.o) to '_vut_rt_bytes_utf8_valid_up_to_v1'
  text-relocation in '_vut_fn_137'+0x28 (/Users/runner/work/vut_repo/vut_repo/spikes/mlink0/out/fx-http.o) to '_vut_rt_bytes_to_str_v1'
  text-relocation in '_vut_fn_138'+0x134 (/Users/runner/work/vut_repo/vut_repo/spikes/mlink0/out/fx-http.o) to '_vut_rt_bytes_release_v1'
  text-relocation in '_vut_fn_138'+0xD8 (/Users/runner/work/vut_repo/vut_repo/spikes/mlink0/out/fx-http.o) to '_vut_rt_bytes_slice_v1'
  text-relocation in '_vut_fn_138'+0xC0 (/Users/runner/work/vut_repo/vut_repo/spikes/mlink0/out/fx-http.o) to '_vut_rt_bytes_len_v1'
  text-relocation in '_vut_fn_138'+0x94 (/Users/runner/work/vut_repo/vut_repo/spikes/mlink0/out/fx-http.o) to '_vut_rt_string_from_utf8_v1'
  text-relocation in '_vut_fn_138'+0x68 (/Users/runner/work/vut_repo/vut_repo/spikes/mlink0/out/fx-http.o) to '_vut_rt_bytes_slice_v1'
  text-relocation in '_vut_fn_138'+0x48 (/Users/runner/work/vut_repo/vut_repo/spikes/mlink0/out/fx-http.o) to '_vut_rt_bytes_read_i32_v1'
  text-relocation in '_vut_fn_138'+0x28 (/Users/runner/work/vut_repo/vut_repo/spikes/mlink0/out/fx-http.o) to '_vut_rt_bytes_read_i32_v1'
  text-relocation in '_vut_fn_139'+0xC8 (/Users/runner/work/vut_repo/vut_repo/spikes/mlink0/out/fx-http.o) to '_vut_rt_bytes_release_v1'
  text-relocation in '_vut_fn_139'+0x7C (/Users/runner/work/vut_repo/vut_repo/spikes/mlink0/out/fx-http.o) to '_vut_rt_string_from_utf8_v1'
  text-relocation in '_vut_fn_139'+0x4C (/Users/runner/work/vut_repo/vut_repo/spikes/mlink0/out/fx-http.o) to '_vut_rt_bytes_slice_v1'
  text-relocation in '_vut_fn_139'+0x34 (/Users/runner/work/vut_repo/vut_repo/spikes/mlink0/out/fx-http.o) to '_vut_rt_bytes_len_v1'
  text-relocation in '_vut_fn_140'+0xA0 (/Users/runner/work/vut_repo/vut_repo/spikes/mlink0/out/fx-http.o) to '_vut_rt_bytes_release_v1'
  text-relocation in '_vut_fn_140'+0x78 (/Users/runner/work/vut_repo/vut_repo/spikes/mlink0/out/fx-http.o) to '_vut_rt_bytes_clone_v1'
  text-relocation in '_vut_fn_140'+0x48 (/Users/runner/work/vut_repo/vut_repo/spikes/mlink0/out/fx-http.o) to '_vut_rt_bytes_clone_v1'
  text-relocation in '_vut_fn_140'+0x28 (/Users/runner/work/vut_repo/vut_repo/spikes/mlink0/out/fx-http.o) to '_vut_rt_bytes_read_i32_v1'
  text-relocation in '_vut_fn_366'+0x144 (/Users/runner/work/vut_repo/vut_repo/spikes/mlink0/out/fx-http.o) to '_vut_rt_release_string_v1'
  text-relocation in '_vut_fn_366'+0x12C (/Users/runner/work/vut_repo/vut_repo/spikes/mlink0/out/fx-http.o) to '_vut_rt_list_release_v1'
  text-relocation in '_vut_fn_366'+0x114 (/Users/runner/work/vut_repo/vut_repo/spikes/mlink0/out/fx-http.o) to '_vut_rt_list_push_v1'
  text-relocation in '_vut_fn_366'+0xF0 (/Users/runner/work/vut_repo/vut_repo/spikes/mlink0/out/fx-http.o) to '_vut_rt_release_string_v1'
  text-relocation in '_vut_fn_366'+0xD8 (/Users/runner/work/vut_repo/vut_repo/spikes/mlink0/out/fx-http.o) to '_vut_rt_release_string_v1'
  text-relocation in '_vut_fn_366'+0xB8 (/Users/runner/work/vut_repo/vut_repo/spikes/mlink0/out/fx-http.o) to '_vut_rt_concat_v1'
  text-relocation in '_vut_fn_366'+0xA0 (/Users/runner/work/vut_repo/vut_repo/spikes/mlink0/out/fx-http.o) to '_vut_rt_release_string_v1'
  text-relocation in '_vut_fn_366'+0x88 (/Users/runner/work/vut_repo/vut_repo/spikes/mlink0/out/fx-http.o) to '_vut_rt_release_string_v1'
  text-relocation in '_vut_fn_366'+0x68 (/Users/runner/work/vut_repo/vut_repo/spikes/mlink0/out/fx-http.o) to '_vut_rt_concat_v1'
  text-relocation in '_vut_fn_366'+0x50 (/Users/runner/work/vut_repo/vut_repo/spikes/mlink0/out/fx-http.o) to '_vut_rt_string_from_utf8_v1'
  text-relocation in '_vut_fn_366'+0x2C (/Users/runner/work/vut_repo/vut_repo/spikes/mlink0/out/fx-http.o) to '_vut_rt_list_retain_v1'
  text-relocation in '_vut_fn_367'+0x24 (/Users/runner/work/vut_repo/vut_repo/spikes/mlink0/out/fx-http.o) to '_vut_rt_bytes_release_v1'
  text-relocation in '_vut_fn_368'+0x5C (/Users/runner/work/vut_repo/vut_repo/spikes/mlink0/out/fx-http.o) to '_vut_rt_release_string_v1'
  text-relocation in '_vut_fn_368'+0x40 (/Users/runner/work/vut_repo/vut_repo/spikes/mlink0/out/fx-http.o) to '_vut_rt_bytes_release_v1'
  text-relocation in '_vut_fn_368'+0x20 (/Users/runner/work/vut_repo/vut_repo/spikes/mlink0/out/fx-http.o) to '_vut_rt_string_to_bytes_v1'
  text-relocation in '_vut_fn_369'+0x1A4 (/Users/runner/work/vut_repo/vut_repo/spikes/mlink0/out/fx-http.o) to '_vut_rt_release_string_v1'
  text-relocation in '_vut_fn_369'+0x18C (/Users/runner/work/vut_repo/vut_repo/spikes/mlink0/out/fx-http.o) to '_vut_rt_release_string_v1'
  text-relocation in '_vut_fn_369'+0x16C (/Users/runner/work/vut_repo/vut_repo/spikes/mlink0/out/fx-http.o) to '_vut_rt_concat_v1'
  text-relocation in '_vut_fn_369'+0x150 (/Users/runner/work/vut_repo/vut_repo/spikes/mlink0/out/fx-http.o) to '_vut_rt_format_i64_v1'
  text-relocation in '_vut_fn_369'+0x138 (/Users/runner/work/vut_repo/vut_repo/spikes/mlink0/out/fx-http.o) to '_vut_rt_release_string_v1'
  text-relocation in '_vut_fn_369'+0x120 (/Users/runner/work/vut_repo/vut_repo/spikes/mlink0/out/fx-http.o) to '_vut_rt_release_string_v1'
  text-relocation in '_vut_fn_369'+0x100 (/Users/runner/work/vut_repo/vut_repo/spikes/mlink0/out/fx-http.o) to '_vut_rt_concat_v1'
  text-relocation in '_vut_fn_369'+0xE8 (/Users/runner/work/vut_repo/vut_repo/spikes/mlink0/out/fx-http.o) to '_vut_rt_string_from_utf8_v1'
  text-relocation in '_vut_fn_369'+0xC4 (/Users/runner/work/vut_repo/vut_repo/spikes/mlink0/out/fx-http.o) to '_vut_rt_release_string_v1'
  text-relocation in '_vut_fn_369'+0xAC (/Users/runner/work/vut_repo/vut_repo/spikes/mlink0/out/fx-http.o) to '_vut_rt_release_string_v1'
  text-relocation in '_vut_fn_369'+0x8C (/Users/runner/work/vut_repo/vut_repo/spikes/mlink0/out/fx-http.o) to '_vut_rt_concat_v1'
  text-relocation in '_vut_fn_369'+0x70 (/Users/runner/work/vut_repo/vut_repo/spikes/mlink0/out/fx-http.o) to '_vut_rt_format_i64_v1'
  text-relocation in '_vut_fn_369'+0x58 (/Users/runner/work/vut_repo/vut_repo/spikes/mlink0/out/fx-http.o) to '_vut_rt_string_from_utf8_v1'
  text-relocation in '_vut_fn_369'+0x34 (/Users/runner/work/vut_repo/vut_repo/spikes/mlink0/out/fx-http.o) to '_vut_rt_string_from_utf8_v1'
  text-relocation in '_vut_fn_142'+0x244 (/Users/runner/work/vut_repo/vut_repo/spikes/mlink0/out/fx-http.o) to '_vut_rt_release_string_v1'
  text-relocation in '_vut_fn_142'+0x22C (/Users/runner/work/vut_repo/vut_repo/spikes/mlink0/out/fx-http.o) to '_vut_rt_release_string_v1'
  text-relocation in '_vut_fn_142'+0x214 (/Users/runner/work/vut_repo/vut_repo/spikes/mlink0/out/fx-http.o) to '_vut_rt_release_string_v1'
  text-relocation in '_vut_fn_142'+0x1FC (/Users/runner/work/vut_repo/vut_repo/spikes/mlink0/out/fx-http.o) to '_vut_rt_release_string_v1'
  text-relocation in '_vut_fn_142'+0x1DC (/Users/runner/work/vut_repo/vut_repo/spikes/mlink0/out/fx-http.o) to '_vut_rt_concat_v1'
  text-relocation in '_vut_fn_142'+0x1C4 (/Users/runner/work/vut_repo/vut_repo/spikes/mlink0/out/fx-http.o) to '_vut_rt_string_from_utf8_v1'
  text-relocation in '_vut_fn_142'+0x1A0 (/Users/runner/work/vut_repo/vut_repo/spikes/mlink0/out/fx-http.o) to '_vut_rt_release_string_v1'
  text-relocation in '_vut_fn_142'+0x188 (/Users/runner/work/vut_repo/vut_repo/spikes/mlink0/out/fx-http.o) to '_vut_rt_release_string_v1'
  text-relocation in '_vut_fn_142'+0x168 (/Users/runner/work/vut_repo/vut_repo/spikes/mlink0/out/fx-http.o) to '_vut_rt_concat_v1'
  text-relocation in '_vut_fn_142'+0x150 (/Users/runner/work/vut_repo/vut_repo/spikes/mlink0/out/fx-http.o) to '_vut_rt_retain_string_v1'
  text-relocation in '_vut_fn_142'+0x138 (/Users/runner/work/vut_repo/vut_repo/spikes/mlink0/out/fx-http.o) to '_vut_rt_retain_string_v1'
  text-relocation in '_vut_fn_142'+0x120 (/Users/runner/work/vut_repo/vut_repo/spikes/mlink0/out/fx-http.o) to '_vut_rt_retain_string_v1'
  text-relocation in '_vut_fn_142'+0xEC (/Users/runner/work/vut_repo/vut_repo/spikes/mlink0/out/fx-http.o) to '_vut_rt_list_release_v1'
  text-relocation in '_vut_fn_142'+0x6C (/Users/runner/work/vut_repo/vut_repo/spikes/mlink0/out/fx-http.o) to '_vut_rt_list_len_v1'
  text-relocation in '_vut_fn_142'+0x48 (/Users/runner/work/vut_repo/vut_repo/spikes/mlink0/out/fx-http.o) to '_vut_rt_list_data_v1'
  text-relocation in '_vut_fn_142'+0x30 (/Users/runner/work/vut_repo/vut_repo/spikes/mlink0/out/fx-http.o) to '_vut_rt_string_from_utf8_v1'
  text-relocation in '_vut_fn_150'+0x2C (/Users/runner/work/vut_repo/vut_repo/spikes/mlink0/out/fx-http.o) to '_vut_rt_http_client_create'
  text-relocation in '_vut_fn_372'+0x114 (/Users/runner/work/vut_repo/vut_repo/spikes/mlink0/out/fx-http.o) to '_vut_rt_release_string_v1'
  text-relocation in '_vut_fn_372'+0xFC (/Users/runner/work/vut_repo/vut_repo/spikes/mlink0/out/fx-http.o) to '_vut_rt_string_to_bytes_v1'
  text-relocation in '_vut_fn_372'+0xE4 (/Users/runner/work/vut_repo/vut_repo/spikes/mlink0/out/fx-http.o) to '_vut_rt_string_from_utf8_v1'
  text-relocation in '_vut_fn_372'+0xC0 (/Users/runner/work/vut_repo/vut_repo/spikes/mlink0/out/fx-http.o) to '_vut_rt_list_new_v1'
  text-relocation in '_vut_fn_372'+0x8C (/Users/runner/work/vut_repo/vut_repo/spikes/mlink0/out/fx-http.o) to '_vut_rt_list_new_v1'
  text-relocation in '_vut_fn_373'+0x698 (/Users/runner/work/vut_repo/vut_repo/spikes/mlink0/out/fx-http.o) to '_vut_rt_bytes_release_v1'
  text-relocation in '_vut_fn_373'+0x680 (/Users/runner/work/vut_repo/vut_repo/spikes/mlink0/out/fx-http.o) to '_vut_rt_list_release_v1'
  text-relocation in '_vut_fn_373'+0x668 (/Users/runner/work/vut_repo/vut_repo/spikes/mlink0/out/fx-http.o) to '_vut_rt_list_release_v1'
  text-relocation in '_vut_fn_373'+0x650 (/Users/runner/work/vut_repo/vut_repo/spikes/mlink0/out/fx-http.o) to '_vut_rt_release_string_v1'
  text-relocation in '_vut_fn_373'+0x624 (/Users/runner/work/vut_repo/vut_repo/spikes/mlink0/out/fx-http.o) to '_vut_rt_bytes_release_v1'
  text-relocation in '_vut_fn_373'+0x5D8 (/Users/runner/work/vut_repo/vut_repo/spikes/mlink0/out/fx-http.o) to '_vut_rt_async_await_child_v1'
  text-relocation in '_vut_fn_373'+0x5B0 (/Users/runner/work/vut_repo/vut_repo/spikes/mlink0/out/fx-http.o) to '_vut_rt_bytes_release_v1'
  text-relocation in '_vut_fn_373'+0x598 (/Users/runner/work/vut_repo/vut_repo/spikes/mlink0/out/fx-http.o) to '_vut_rt_release_string_v1'
  text-relocation in '_vut_fn_373'+0x580 (/Users/runner/work/vut_repo/vut_repo/spikes/mlink0/out/fx-http.o) to '_vut_rt_release_string_v1'
  text-relocation in '_vut_fn_373'+0x568 (/Users/runner/work/vut_repo/vut_repo/spikes/mlink0/out/fx-http.o) to '_vut_rt_release_string_v1'
  text-relocation in '_vut_fn_373'+0x550 (/Users/runner/work/vut_repo/vut_repo/spikes/mlink0/out/fx-http.o) to '_vut_rt_release_string_v1'
  text-relocation in '_vut_fn_373'+0x518 (/Users/runner/work/vut_repo/vut_repo/spikes/mlink0/out/fx-http.o) to '_vut_rt_http_send_v1'
  text-relocation in '_vut_fn_373'+0x504 (/Users/runner/work/vut_repo/vut_repo/spikes/mlink0/out/fx-http.o) to '_vut_rt_bytes_release_v1'
  text-relocation in '_vut_fn_373'+0x4EC (/Users/runner/work/vut_repo/vut_repo/spikes/mlink0/out/fx-http.o) to '_vut_rt_list_release_v1'
  text-relocation in '_vut_fn_373'+0x4D4 (/Users/runner/work/vut_repo/vut_repo/spikes/mlink0/out/fx-http.o) to '_vut_rt_list_release_v1'
  text-relocation in '_vut_fn_373'+0x4BC (/Users/runner/work/vut_repo/vut_repo/spikes/mlink0/out/fx-http.o) to '_vut_rt_release_string_v1'
  text-relocation in '_vut_fn_373'+0x4A0 (/Users/runner/work/vut_repo/vut_repo/spikes/mlink0/out/fx-http.o) to '_vut_rt_bytes_retain_v1'
  text-relocation in '_vut_fn_373'+0x488 (/Users/runner/work/vut_repo/vut_repo/spikes/mlink0/out/fx-http.o) to '_vut_rt_list_retain_v1'
  text-relocation in '_vut_fn_373'+0x470 (/Users/runner/work/vut_repo/vut_repo/spikes/mlink0/out/fx-http.o) to '_vut_rt_list_retain_v1'
  text-relocation in '_vut_fn_373'+0x458 (/Users/runner/work/vut_repo/vut_repo/spikes/mlink0/out/fx-http.o) to '_vut_rt_retain_string_v1'
  text-relocation in '_vut_fn_373'+0x43C (/Users/runner/work/vut_repo/vut_repo/spikes/mlink0/out/fx-http.o) to '_vut_rt_bytes_release_v1'
  text-relocation in '_vut_fn_373'+0x424 (/Users/runner/work/vut_repo/vut_repo/spikes/mlink0/out/fx-http.o) to '_vut_rt_list_release_v1'
  text-relocation in '_vut_fn_373'+0x40C (/Users/runner/work/vut_repo/vut_repo/spikes/mlink0/out/fx-http.o) to '_vut_rt_list_release_v1'
  text-relocation in '_vut_fn_373'+0x3F4 (/Users/runner/work/vut_repo/vut_repo/spikes/mlink0/out/fx-http.o) to '_vut_rt_release_string_v1'
  text-relocation in '_vut_fn_373'+0x3D8 (/Users/runner/work/vut_repo/vut_repo/spikes/mlink0/out/fx-http.o) to '_vut_rt_bytes_retain_v1'
  text-relocation in '_vut_fn_373'+0x3C0 (/Users/runner/work/vut_repo/vut_repo/spikes/mlink0/out/fx-http.o) to '_vut_rt_list_retain_v1'
  text-relocation in '_vut_fn_373'+0x3A8 (/Users/runner/work/vut_repo/vut_repo/spikes/mlink0/out/fx-http.o) to '_vut_rt_list_retain_v1'
  text-relocation in '_vut_fn_373'+0x390 (/Users/runner/work/vut_repo/vut_repo/spikes/mlink0/out/fx-http.o) to '_vut_rt_retain_string_v1'
  text-relocation in '_vut_fn_373'+0x374 (/Users/runner/work/vut_repo/vut_repo/spikes/mlink0/out/fx-http.o) to '_vut_rt_bytes_release_v1'
  text-relocation in '_vut_fn_373'+0x35C (/Users/runner/work/vut_repo/vut_repo/spikes/mlink0/out/fx-http.o) to '_vut_rt_list_release_v1'
  text-relocation in '_vut_fn_373'+0x344 (/Users/runner/work/vut_repo/vut_repo/spikes/mlink0/out/fx-http.o) to '_vut_rt_list_release_v1'
  text-relocation in '_vut_fn_373'+0x32C (/Users/runner/work/vut_repo/vut_repo/spikes/mlink0/out/fx-http.o) to '_vut_rt_release_string_v1'
  text-relocation in '_vut_fn_373'+0x310 (/Users/runner/work/vut_repo/vut_repo/spikes/mlink0/out/fx-http.o) to '_vut_rt_bytes_retain_v1'
  text-relocation in '_vut_fn_373'+0x2F8 (/Users/runner/work/vut_repo/vut_repo/spikes/mlink0/out/fx-http.o) to '_vut_rt_bytes_retain_v1'
  text-relocation in '_vut_fn_373'+0x2E0 (/Users/runner/work/vut_repo/vut_repo/spikes/mlink0/out/fx-http.o) to '_vut_rt_list_retain_v1'
  text-relocation in '_vut_fn_373'+0x2C8 (/Users/runner/work/vut_repo/vut_repo/spikes/mlink0/out/fx-http.o) to '_vut_rt_list_retain_v1'
  text-relocation in '_vut_fn_373'+0x2B0 (/Users/runner/work/vut_repo/vut_repo/spikes/mlink0/out/fx-http.o) to '_vut_rt_retain_string_v1'
  text-relocation in '_vut_fn_373'+0x288 (/Users/runner/work/vut_repo/vut_repo/spikes/mlink0/out/fx-http.o) to '_vut_rt_bytes_release_v1'
  text-relocation in '_vut_fn_373'+0x270 (/Users/runner/work/vut_repo/vut_repo/spikes/mlink0/out/fx-http.o) to '_vut_rt_list_release_v1'
  text-relocation in '_vut_fn_373'+0x258 (/Users/runner/work/vut_repo/vut_repo/spikes/mlink0/out/fx-http.o) to '_vut_rt_list_release_v1'
  text-relocation in '_vut_fn_373'+0x240 (/Users/runner/work/vut_repo/vut_repo/spikes/mlink0/out/fx-http.o) to '_vut_rt_release_string_v1'
  text-relocation in '_vut_fn_373'+0x224 (/Users/runner/work/vut_repo/vut_repo/spikes/mlink0/out/fx-http.o) to '_vut_rt_list_retain_v1'
  text-relocation in '_vut_fn_373'+0x20C (/Users/runner/work/vut_repo/vut_repo/spikes/mlink0/out/fx-http.o) to '_vut_rt_bytes_retain_v1'
  text-relocation in '_vut_fn_373'+0x1F4 (/Users/runner/work/vut_repo/vut_repo/spikes/mlink0/out/fx-http.o) to '_vut_rt_list_retain_v1'
  text-relocation in '_vut_fn_373'+0x1DC (/Users/runner/work/vut_repo/vut_repo/spikes/mlink0/out/fx-http.o) to '_vut_rt_list_retain_v1'
  text-relocation in '_vut_fn_373'+0x1C4 (/Users/runner/work/vut_repo/vut_repo/spikes/mlink0/out/fx-http.o) to '_vut_rt_retain_string_v1'
  text-relocation in '_vut_fn_373'+0x198 (/Users/runner/work/vut_repo/vut_repo/spikes/mlink0/out/fx-http.o) to '_vut_rt_bytes_release_v1'
  text-relocation in '_vut_fn_373'+0x180 (/Users/runner/work/vut_repo/vut_repo/spikes/mlink0/out/fx-http.o) to '_vut_rt_list_release_v1'
  text-relocation in '_vut_fn_373'+0x168 (/Users/runner/work/vut_repo/vut_repo/spikes/mlink0/out/fx-http.o) to '_vut_rt_list_release_v1'
  text-relocation in '_vut_fn_373'+0x150 (/Users/runner/work/vut_repo/vut_repo/spikes/mlink0/out/fx-http.o) to '_vut_rt_release_string_v1'
  text-relocation in '_vut_fn_373'+0x134 (/Users/runner/work/vut_repo/vut_repo/spikes/mlink0/out/fx-http.o) to '_vut_rt_retain_string_v1'
  text-relocation in '_vut_fn_373'+0x11C (/Users/runner/work/vut_repo/vut_repo/spikes/mlink0/out/fx-http.o) to '_vut_rt_bytes_retain_v1'
  text-relocation in '_vut_fn_373'+0x104 (/Users/runner/work/vut_repo/vut_repo/spikes/mlink0/out/fx-http.o) to '_vut_rt_list_retain_v1'
  text-relocation in '_vut_fn_373'+0xEC (/Users/runner/work/vut_repo/vut_repo/spikes/mlink0/out/fx-http.o) to '_vut_rt_list_retain_v1'
  text-relocation in '_vut_fn_373'+0xD4 (/Users/runner/work/vut_repo/vut_repo/spikes/mlink0/out/fx-http.o) to '_vut_rt_retain_string_v1'
  text-relocation in '_vut_fn_373'+0xA4 (/Users/runner/work/vut_repo/vut_repo/spikes/mlink0/out/fx-http.o) to '_vut_rt_resource_ptr_v1'
  text-relocation in '_vut_fn_373'+0x7C (/Users/runner/work/vut_repo/vut_repo/spikes/mlink0/out/fx-http.o) to '_vut_rt_release_string_v1'
  text-relocation in '_vut_fn_373'+0x64 (/Users/runner/work/vut_repo/vut_repo/spikes/mlink0/out/fx-http.o) to '_vut_rt_string_to_bytes_v1'
  text-relocation in '_vut_fn_373'+0x4C (/Users/runner/work/vut_repo/vut_repo/spikes/mlink0/out/fx-http.o) to '_vut_rt_string_from_utf8_v1'
  text-relocation in '_vut_fn_374'+0xE8 (/Users/runner/work/vut_repo/vut_repo/spikes/mlink0/out/fx-http.o) to '_vut_rt_async_await_child_v1'
  text-relocation in '_vut_fn_374'+0xC8 (/Users/runner/work/vut_repo/vut_repo/spikes/mlink0/out/fx-http.o) to '_vut_rt_async_new_v1'
  text-relocation in '_vut_fn_374'+0x54 (/Users/runner/work/vut_repo/vut_repo/spikes/mlink0/out/fx-http.o) to '_vut_rt_frame_alloc_v1'
  text-relocation in '_vut_fn_375'+0xE8 (/Users/runner/work/vut_repo/vut_repo/spikes/mlink0/out/fx-http.o) to '_vut_rt_async_await_child_v1'
  text-relocation in '_vut_fn_375'+0xC8 (/Users/runner/work/vut_repo/vut_repo/spikes/mlink0/out/fx-http.o) to '_vut_rt_async_new_v1'
  text-relocation in '_vut_fn_375'+0x54 (/Users/runner/work/vut_repo/vut_repo/spikes/mlink0/out/fx-http.o) to '_vut_rt_frame_alloc_v1'
  text-relocation in '_vut_fn_376'+0xE8 (/Users/runner/work/vut_repo/vut_repo/spikes/mlink0/out/fx-http.o) to '_vut_rt_async_await_child_v1'
  text-relocation in '_vut_fn_376'+0xC8 (/Users/runner/work/vut_repo/vut_repo/spikes/mlink0/out/fx-http.o) to '_vut_rt_async_new_v1'
  text-relocation in '_vut_fn_376'+0x54 (/Users/runner/work/vut_repo/vut_repo/spikes/mlink0/out/fx-http.o) to '_vut_rt_frame_alloc_v1'
  text-relocation in '_vut_fn_377'+0xE8 (/Users/runner/work/vut_repo/vut_repo/spikes/mlink0/out/fx-http.o) to '_vut_rt_async_await_child_v1'
  text-relocation in '_vut_fn_377'+0xC8 (/Users/runner/work/vut_repo/vut_repo/spikes/mlink0/out/fx-http.o) to '_vut_rt_async_new_v1'
  text-relocation in '_vut_fn_377'+0x54 (/Users/runner/work/vut_repo/vut_repo/spikes/mlink0/out/fx-http.o) to '_vut_rt_frame_alloc_v1'
  text-relocation in '_vut_fn_378'+0x220 (/Users/runner/work/vut_repo/vut_repo/spikes/mlink0/out/fx-http.o) to '_vut_rt_bytes_release_v1'
  text-relocation in '_vut_fn_378'+0x208 (/Users/runner/work/vut_repo/vut_repo/spikes/mlink0/out/fx-http.o) to '_vut_rt_list_release_v1'
  text-relocation in '_vut_fn_378'+0x1F0 (/Users/runner/work/vut_repo/vut_repo/spikes/mlink0/out/fx-http.o) to '_vut_rt_list_release_v1'
  text-relocation in '_vut_fn_378'+0x1D8 (/Users/runner/work/vut_repo/vut_repo/spikes/mlink0/out/fx-http.o) to '_vut_rt_release_string_v1'
  text-relocation in '_vut_fn_378'+0x198 (/Users/runner/work/vut_repo/vut_repo/spikes/mlink0/out/fx-http.o) to '_vut_rt_async_await_child_v1'
  text-relocation in '_vut_fn_378'+0x178 (/Users/runner/work/vut_repo/vut_repo/spikes/mlink0/out/fx-http.o) to '_vut_rt_async_new_v1'
  text-relocation in '_vut_fn_378'+0x104 (/Users/runner/work/vut_repo/vut_repo/spikes/mlink0/out/fx-http.o) to '_vut_rt_frame_alloc_v1'
  text-relocation in '_vut_fn_378'+0xE8 (/Users/runner/work/vut_repo/vut_repo/spikes/mlink0/out/fx-http.o) to '_vut_rt_bytes_retain_v1'
  text-relocation in '_vut_fn_378'+0xD0 (/Users/runner/work/vut_repo/vut_repo/spikes/mlink0/out/fx-http.o) to '_vut_rt_list_retain_v1'
  text-relocation in '_vut_fn_378'+0xB8 (/Users/runner/work/vut_repo/vut_repo/spikes/mlink0/out/fx-http.o) to '_vut_rt_list_retain_v1'
  text-relocation in '_vut_fn_378'+0xA0 (/Users/runner/work/vut_repo/vut_repo/spikes/mlink0/out/fx-http.o) to '_vut_rt_retain_string_v1'
  text-relocation in '_vut_fn_379'+0x220 (/Users/runner/work/vut_repo/vut_repo/spikes/mlink0/out/fx-http.o) to '_vut_rt_bytes_release_v1'
  text-relocation in '_vut_fn_379'+0x208 (/Users/runner/work/vut_repo/vut_repo/spikes/mlink0/out/fx-http.o) to '_vut_rt_list_release_v1'
  text-relocation in '_vut_fn_379'+0x1F0 (/Users/runner/work/vut_repo/vut_repo/spikes/mlink0/out/fx-http.o) to '_vut_rt_list_release_v1'
  text-relocation in '_vut_fn_379'+0x1D8 (/Users/runner/work/vut_repo/vut_repo/spikes/mlink0/out/fx-http.o) to '_vut_rt_release_string_v1'
  text-relocation in '_vut_fn_379'+0x198 (/Users/runner/work/vut_repo/vut_repo/spikes/mlink0/out/fx-http.o) to '_vut_rt_async_await_child_v1'
  text-relocation in '_vut_fn_379'+0x178 (/Users/runner/work/vut_repo/vut_repo/spikes/mlink0/out/fx-http.o) to '_vut_rt_async_new_v1'
  text-relocation in '_vut_fn_379'+0x104 (/Users/runner/work/vut_repo/vut_repo/spikes/mlink0/out/fx-http.o) to '_vut_rt_frame_alloc_v1'
  text-relocation in '_vut_fn_379'+0xE8 (/Users/runner/work/vut_repo/vut_repo/spikes/mlink0/out/fx-http.o) to '_vut_rt_bytes_retain_v1'
  text-relocation in '_vut_fn_379'+0xD0 (/Users/runner/work/vut_repo/vut_repo/spikes/mlink0/out/fx-http.o) to '_vut_rt_list_retain_v1'
  text-relocation in '_vut_fn_379'+0xB8 (/Users/runner/work/vut_repo/vut_repo/spikes/mlink0/out/fx-http.o) to '_vut_rt_list_retain_v1'
  text-relocation in '_vut_fn_379'+0xA0 (/Users/runner/work/vut_repo/vut_repo/spikes/mlink0/out/fx-http.o) to '_vut_rt_retain_string_v1'
  text-relocation in '_vut_fn_380'+0x590 (/Users/runner/work/vut_repo/vut_repo/spikes/mlink0/out/fx-http.o) to '_vut_rt_bytes_release_v1'
  text-relocation in '_vut_fn_380'+0x578 (/Users/runner/work/vut_repo/vut_repo/spikes/mlink0/out/fx-http.o) to '_vut_rt_list_release_v1'
  text-relocation in '_vut_fn_380'+0x560 (/Users/runner/work/vut_repo/vut_repo/spikes/mlink0/out/fx-http.o) to '_vut_rt_list_release_v1'
  text-relocation in '_vut_fn_380'+0x548 (/Users/runner/work/vut_repo/vut_repo/spikes/mlink0/out/fx-http.o) to '_vut_rt_release_string_v1'
  text-relocation in '_vut_fn_380'+0x524 (/Users/runner/work/vut_repo/vut_repo/spikes/mlink0/out/fx-http.o) to '_vut_rt_bytes_release_v1'
  text-relocation in '_vut_fn_380'+0x50C (/Users/runner/work/vut_repo/vut_repo/spikes/mlink0/out/fx-http.o) to '_vut_rt_release_string_v1'
  text-relocation in '_vut_fn_380'+0x4F4 (/Users/runner/work/vut_repo/vut_repo/spikes/mlink0/out/fx-http.o) to '_vut_rt_release_string_v1'
  text-relocation in '_vut_fn_380'+0x4DC (/Users/runner/work/vut_repo/vut_repo/spikes/mlink0/out/fx-http.o) to '_vut_rt_release_string_v1'
  text-relocation in '_vut_fn_380'+0x4C4 (/Users/runner/work/vut_repo/vut_repo/spikes/mlink0/out/fx-http.o) to '_vut_rt_release_string_v1'
  text-relocation in '_vut_fn_380'+0x48C (/Users/runner/work/vut_repo/vut_repo/spikes/mlink0/out/fx-http.o) to '_vut_rt_http_stream_send_v1'
  text-relocation in '_vut_fn_380'+0x478 (/Users/runner/work/vut_repo/vut_repo/spikes/mlink0/out/fx-http.o) to '_vut_rt_bytes_release_v1'
  text-relocation in '_vut_fn_380'+0x460 (/Users/runner/work/vut_repo/vut_repo/spikes/mlink0/out/fx-http.o) to '_vut_rt_list_release_v1'
  text-relocation in '_vut_fn_380'+0x448 (/Users/runner/work/vut_repo/vut_repo/spikes/mlink0/out/fx-http.o) to '_vut_rt_list_release_v1'
  text-relocation in '_vut_fn_380'+0x430 (/Users/runner/work/vut_repo/vut_repo/spikes/mlink0/out/fx-http.o) to '_vut_rt_release_string_v1'
  text-relocation in '_vut_fn_380'+0x414 (/Users/runner/work/vut_repo/vut_repo/spikes/mlink0/out/fx-http.o) to '_vut_rt_bytes_retain_v1'
  text-relocation in '_vut_fn_380'+0x3FC (/Users/runner/work/vut_repo/vut_repo/spikes/mlink0/out/fx-http.o) to '_vut_rt_list_retain_v1'
  text-relocation in '_vut_fn_380'+0x3E4 (/Users/runner/work/vut_repo/vut_repo/spikes/mlink0/out/fx-http.o) to '_vut_rt_list_retain_v1'
  text-relocation in '_vut_fn_380'+0x3CC (/Users/runner/work/vut_repo/vut_repo/spikes/mlink0/out/fx-http.o) to '_vut_rt_retain_string_v1'
  text-relocation in '_vut_fn_380'+0x3B4 (/Users/runner/work/vut_repo/vut_repo/spikes/mlink0/out/fx-http.o) to '_vut_rt_bytes_release_v1'
  text-relocation in '_vut_fn_380'+0x39C (/Users/runner/work/vut_repo/vut_repo/spikes/mlink0/out/fx-http.o) to '_vut_rt_list_release_v1'
  text-relocation in '_vut_fn_380'+0x384 (/Users/runner/work/vut_repo/vut_repo/spikes/mlink0/out/fx-http.o) to '_vut_rt_list_release_v1'
  text-relocation in '_vut_fn_380'+0x36C (/Users/runner/work/vut_repo/vut_repo/spikes/mlink0/out/fx-http.o) to '_vut_rt_release_string_v1'
  text-relocation in '_vut_fn_380'+0x350 (/Users/runner/work/vut_repo/vut_repo/spikes/mlink0/out/fx-http.o) to '_vut_rt_bytes_retain_v1'
  text-relocation in '_vut_fn_380'+0x338 (/Users/runner/work/vut_repo/vut_repo/spikes/mlink0/out/fx-http.o) to '_vut_rt_list_retain_v1'
  text-relocation in '_vut_fn_380'+0x320 (/Users/runner/work/vut_repo/vut_repo/spikes/mlink0/out/fx-http.o) to '_vut_rt_list_retain_v1'
  text-relocation in '_vut_fn_380'+0x308 (/Users/runner/work/vut_repo/vut_repo/spikes/mlink0/out/fx-http.o) to '_vut_rt_retain_string_v1'
  text-relocation in '_vut_fn_380'+0x2F0 (/Users/runner/work/vut_repo/vut_repo/spikes/mlink0/out/fx-http.o) to '_vut_rt_bytes_release_v1'
  text-relocation in '_vut_fn_380'+0x2D8 (/Users/runner/work/vut_repo/vut_repo/spikes/mlink0/out/fx-http.o) to '_vut_rt_list_release_v1'
  text-relocation in '_vut_fn_380'+0x2C0 (/Users/runner/work/vut_repo/vut_repo/spikes/mlink0/out/fx-http.o) to '_vut_rt_list_release_v1'
  text-relocation in '_vut_fn_380'+0x2A8 (/Users/runner/work/vut_repo/vut_repo/spikes/mlink0/out/fx-http.o) to '_vut_rt_release_string_v1'
  text-relocation in '_vut_fn_380'+0x28C (/Users/runner/work/vut_repo/vut_repo/spikes/mlink0/out/fx-http.o) to '_vut_rt_bytes_retain_v1'
  text-relocation in '_vut_fn_380'+0x274 (/Users/runner/work/vut_repo/vut_repo/spikes/mlink0/out/fx-http.o) to '_vut_rt_bytes_retain_v1'
  text-relocation in '_vut_fn_380'+0x25C (/Users/runner/work/vut_repo/vut_repo/spikes/mlink0/out/fx-http.o) to '_vut_rt_list_retain_v1'
  text-relocation in '_vut_fn_380'+0x244 (/Users/runner/work/vut_repo/vut_repo/spikes/mlink0/out/fx-http.o) to '_vut_rt_list_retain_v1'
  text-relocation in '_vut_fn_380'+0x22C (/Users/runner/work/vut_repo/vut_repo/spikes/mlink0/out/fx-http.o) to '_vut_rt_retain_string_v1'
  text-relocation in '_vut_fn_380'+0x208 (/Users/runner/work/vut_repo/vut_repo/spikes/mlink0/out/fx-http.o) to '_vut_rt_bytes_release_v1'
  text-relocation in '_vut_fn_380'+0x1F0 (/Users/runner/work/vut_repo/vut_repo/spikes/mlink0/out/fx-http.o) to '_vut_rt_list_release_v1'
  text-relocation in '_vut_fn_380'+0x1D8 (/Users/runner/work/vut_repo/vut_repo/spikes/mlink0/out/fx-http.o) to '_vut_rt_list_release_v1'
  text-relocation in '_vut_fn_380'+0x1C0 (/Users/runner/work/vut_repo/vut_repo/spikes/mlink0/out/fx-http.o) to '_vut_rt_release_string_v1'
  text-relocation in '_vut_fn_380'+0x1A4 (/Users/runner/work/vut_repo/vut_repo/spikes/mlink0/out/fx-http.o) to '_vut_rt_list_retain_v1'
  text-relocation in '_vut_fn_380'+0x18C (/Users/runner/work/vut_repo/vut_repo/spikes/mlink0/out/fx-http.o) to '_vut_rt_bytes_retain_v1'
  text-relocation in '_vut_fn_380'+0x174 (/Users/runner/work/vut_repo/vut_repo/spikes/mlink0/out/fx-http.o) to '_vut_rt_list_retain_v1'
  text-relocation in '_vut_fn_380'+0x15C (/Users/runner/work/vut_repo/vut_repo/spikes/mlink0/out/fx-http.o) to '_vut_rt_list_retain_v1'
  text-relocation in '_vut_fn_380'+0x144 (/Users/runner/work/vut_repo/vut_repo/spikes/mlink0/out/fx-http.o) to '_vut_rt_retain_string_v1'
  text-relocation in '_vut_fn_380'+0x120 (/Users/runner/work/vut_repo/vut_repo/spikes/mlink0/out/fx-http.o) to '_vut_rt_bytes_release_v1'
  text-relocation in '_vut_fn_380'+0x108 (/Users/runner/work/vut_repo/vut_repo/spikes/mlink0/out/fx-http.o) to '_vut_rt_list_release_v1'
  text-relocation in '_vut_fn_380'+0xF0 (/Users/runner/work/vut_repo/vut_repo/spikes/mlink0/out/fx-http.o) to '_vut_rt_list_release_v1'
  text-relocation in '_vut_fn_380'+0xD8 (/Users/runner/work/vut_repo/vut_repo/spikes/mlink0/out/fx-http.o) to '_vut_rt_release_string_v1'
  text-relocation in '_vut_fn_380'+0xBC (/Users/runner/work/vut_repo/vut_repo/spikes/mlink0/out/fx-http.o) to '_vut_rt_retain_string_v1'
  text-relocation in '_vut_fn_380'+0xA4 (/Users/runner/work/vut_repo/vut_repo/spikes/mlink0/out/fx-http.o) to '_vut_rt_bytes_retain_v1'
  text-relocation in '_vut_fn_380'+0x8C (/Users/runner/work/vut_repo/vut_repo/spikes/mlink0/out/fx-http.o) to '_vut_rt_list_retain_v1'
  text-relocation in '_vut_fn_380'+0x74 (/Users/runner/work/vut_repo/vut_repo/spikes/mlink0/out/fx-http.o) to '_vut_rt_list_retain_v1'
  text-relocation in '_vut_fn_380'+0x5C (/Users/runner/work/vut_repo/vut_repo/spikes/mlink0/out/fx-http.o) to '_vut_rt_retain_string_v1'
  text-relocation in '_vut_fn_380'+0x34 (/Users/runner/work/vut_repo/vut_repo/spikes/mlink0/out/fx-http.o) to '_vut_rt_resource_ptr_v1'
  text-relocation in '_vut_fn_382'+0x1A4 (/Users/runner/work/vut_repo/vut_repo/spikes/mlink0/out/fx-http.o) to '_vut_rt_resource_release_v1'
  text-relocation in '_vut_fn_382'+0x168 (/Users/runner/work/vut_repo/vut_repo/spikes/mlink0/out/fx-http.o) to '_vut_rt_async_await_child_v1'
  text-relocation in '_vut_fn_382'+0x148 (/Users/runner/work/vut_repo/vut_repo/spikes/mlink0/out/fx-http.o) to '_vut_rt_async_new_v1'
  text-relocation in '_vut_fn_382'+0xD4 (/Users/runner/work/vut_repo/vut_repo/spikes/mlink0/out/fx-http.o) to '_vut_rt_frame_alloc_v1'
  text-relocation in '_vut_fn_382'+0xB8 (/Users/runner/work/vut_repo/vut_repo/spikes/mlink0/out/fx-http.o) to '_vut_rt_bytes_retain_v1'
  text-relocation in '_vut_fn_382'+0xA0 (/Users/runner/work/vut_repo/vut_repo/spikes/mlink0/out/fx-http.o) to '_vut_rt_list_retain_v1'
  text-relocation in '_vut_fn_382'+0x84 (/Users/runner/work/vut_repo/vut_repo/spikes/mlink0/out/fx-http.o) to '_vut_rt_list_retain_v1'
  text-relocation in '_vut_fn_382'+0x6C (/Users/runner/work/vut_repo/vut_repo/spikes/mlink0/out/fx-http.o) to '_vut_rt_retain_string_v1'
  text-relocation in '_vut_fn_383'+0xA8 (/Users/runner/work/vut_repo/vut_repo/spikes/mlink0/out/fx-http.o) to '_vut_rt_resource_release_v1'
  text-relocation in '_vut_fn_383'+0x80 (/Users/runner/work/vut_repo/vut_repo/spikes/mlink0/out/fx-http.o) to '_vut_rt_bytes_retain_v1'
  text-relocation in '_vut_fn_383'+0x68 (/Users/runner/work/vut_repo/vut_repo/spikes/mlink0/out/fx-http.o) to '_vut_rt_list_retain_v1'
  text-relocation in '_vut_fn_383'+0x50 (/Users/runner/work/vut_repo/vut_repo/spikes/mlink0/out/fx-http.o) to '_vut_rt_list_retain_v1'
  text-relocation in '_vut_fn_383'+0x38 (/Users/runner/work/vut_repo/vut_repo/spikes/mlink0/out/fx-http.o) to '_vut_rt_retain_string_v1'
  text-relocation in '_vut_fn_152'+0xF8 (/Users/runner/work/vut_repo/vut_repo/spikes/mlink0/out/fx-http.o) to '_vut_rt_resource_release_v1'
  text-relocation in '_vut_fn_152'+0xBC (/Users/runner/work/vut_repo/vut_repo/spikes/mlink0/out/fx-http.o) to '_vut_rt_async_await_child_v1'
  text-relocation in '_vut_fn_152'+0x9C (/Users/runner/work/vut_repo/vut_repo/spikes/mlink0/out/fx-http.o) to '_vut_rt_async_new_v1'
  text-relocation in '_vut_fn_152'+0x5C (/Users/runner/work/vut_repo/vut_repo/spikes/mlink0/out/fx-http.o) to '_vut_rt_frame_alloc_v1'
  text-relocation in '_vut_fn_153'+0xF8 (/Users/runner/work/vut_repo/vut_repo/spikes/mlink0/out/fx-http.o) to '_vut_rt_resource_release_v1'
  text-relocation in '_vut_fn_153'+0xBC (/Users/runner/work/vut_repo/vut_repo/spikes/mlink0/out/fx-http.o) to '_vut_rt_async_await_child_v1'
  text-relocation in '_vut_fn_153'+0x9C (/Users/runner/work/vut_repo/vut_repo/spikes/mlink0/out/fx-http.o) to '_vut_rt_async_new_v1'
  text-relocation in '_vut_fn_153'+0x5C (/Users/runner/work/vut_repo/vut_repo/spikes/mlink0/out/fx-http.o) to '_vut_rt_frame_alloc_v1'
  text-relocation in '_vut_fn_154'+0xF8 (/Users/runner/work/vut_repo/vut_repo/spikes/mlink0/out/fx-http.o) to '_vut_rt_resource_release_v1'
  text-relocation in '_vut_fn_154'+0xBC (/Users/runner/work/vut_repo/vut_repo/spikes/mlink0/out/fx-http.o) to '_vut_rt_async_await_child_v1'
  text-relocation in '_vut_fn_154'+0x9C (/Users/runner/work/vut_repo/vut_repo/spikes/mlink0/out/fx-http.o) to '_vut_rt_async_new_v1'
  text-relocation in '_vut_fn_154'+0x5C (/Users/runner/work/vut_repo/vut_repo/spikes/mlink0/out/fx-http.o) to '_vut_rt_frame_alloc_v1'
  text-relocation in '_vut_fn_155'+0xF8 (/Users/runner/work/vut_repo/vut_repo/spikes/mlink0/out/fx-http.o) to '_vut_rt_resource_release_v1'
  text-relocation in '_vut_fn_155'+0xBC (/Users/runner/work/vut_repo/vut_repo/spikes/mlink0/out/fx-http.o) to '_vut_rt_async_await_child_v1'
  text-relocation in '_vut_fn_155'+0x9C (/Users/runner/work/vut_repo/vut_repo/spikes/mlink0/out/fx-http.o) to '_vut_rt_async_new_v1'
  text-relocation in '_vut_fn_155'+0x5C (/Users/runner/work/vut_repo/vut_repo/spikes/mlink0/out/fx-http.o) to '_vut_rt_frame_alloc_v1'
  text-relocation in '_vut_fn_156'+0x260 (/Users/runner/work/vut_repo/vut_repo/spikes/mlink0/out/fx-http.o) to '_vut_rt_bytes_release_v1'
  text-relocation in '_vut_fn_156'+0x248 (/Users/runner/work/vut_repo/vut_repo/spikes/mlink0/out/fx-http.o) to '_vut_rt_list_release_v1'
  text-relocation in '_vut_fn_156'+0x230 (/Users/runner/work/vut_repo/vut_repo/spikes/mlink0/out/fx-http.o) to '_vut_rt_list_release_v1'
  text-relocation in '_vut_fn_156'+0x218 (/Users/runner/work/vut_repo/vut_repo/spikes/mlink0/out/fx-http.o) to '_vut_rt_release_string_v1'
  text-relocation in '_vut_fn_156'+0x1FC (/Users/runner/work/vut_repo/vut_repo/spikes/mlink0/out/fx-http.o) to '_vut_rt_resource_release_v1'
  text-relocation in '_vut_fn_156'+0x1C0 (/Users/runner/work/vut_repo/vut_repo/spikes/mlink0/out/fx-http.o) to '_vut_rt_async_await_child_v1'
  text-relocation in '_vut_fn_156'+0x1A0 (/Users/runner/work/vut_repo/vut_repo/spikes/mlink0/out/fx-http.o) to '_vut_rt_async_new_v1'
  text-relocation in '_vut_fn_156'+0x12C (/Users/runner/work/vut_repo/vut_repo/spikes/mlink0/out/fx-http.o) to '_vut_rt_frame_alloc_v1'
  text-relocation in '_vut_fn_156'+0x110 (/Users/runner/work/vut_repo/vut_repo/spikes/mlink0/out/fx-http.o) to '_vut_rt_bytes_retain_v1'
  text-relocation in '_vut_fn_156'+0xF8 (/Users/runner/work/vut_repo/vut_repo/spikes/mlink0/out/fx-http.o) to '_vut_rt_list_retain_v1'
  text-relocation in '_vut_fn_156'+0xE0 (/Users/runner/work/vut_repo/vut_repo/spikes/mlink0/out/fx-http.o) to '_vut_rt_list_retain_v1'
  text-relocation in '_vut_fn_156'+0xC8 (/Users/runner/work/vut_repo/vut_repo/spikes/mlink0/out/fx-http.o) to '_vut_rt_retain_string_v1'
  text-relocation in '_vut_fn_157'+0x108 (/Users/runner/work/vut_repo/vut_repo/spikes/mlink0/out/fx-http.o) to '_vut_rt_release_string_v1'
  text-relocation in '_vut_fn_157'+0xF0 (/Users/runner/work/vut_repo/vut_repo/spikes/mlink0/out/fx-http.o) to '_vut_rt_string_to_bytes_v1'
  text-relocation in '_vut_fn_157'+0xD8 (/Users/runner/work/vut_repo/vut_repo/spikes/mlink0/out/fx-http.o) to '_vut_rt_string_from_utf8_v1'
  text-relocation in '_vut_fn_157'+0xB4 (/Users/runner/work/vut_repo/vut_repo/spikes/mlink0/out/fx-http.o) to '_vut_rt_list_new_v1'
  text-relocation in '_vut_fn_157'+0x80 (/Users/runner/work/vut_repo/vut_repo/spikes/mlink0/out/fx-http.o) to '_vut_rt_list_new_v1'
  text-relocation in '_vut_fn_158'+0x100 (/Users/runner/work/vut_repo/vut_repo/spikes/mlink0/out/fx-http.o) to '_vut_rt_resource_release_v1'
  text-relocation in '_vut_fn_158'+0xC4 (/Users/runner/work/vut_repo/vut_repo/spikes/mlink0/out/fx-http.o) to '_vut_rt_async_await_child_v1'
  text-relocation in '_vut_fn_158'+0xA4 (/Users/runner/work/vut_repo/vut_repo/spikes/mlink0/out/fx-http.o) to '_vut_rt_async_new_v1'
  text-relocation in '_vut_fn_158'+0x60 (/Users/runner/work/vut_repo/vut_repo/spikes/mlink0/out/fx-http.o) to '_vut_rt_frame_alloc_v1'
  text-relocation in '_vut_fn_159'+0x100 (/Users/runner/work/vut_repo/vut_repo/spikes/mlink0/out/fx-http.o) to '_vut_rt_resource_release_v1'
  text-relocation in '_vut_fn_159'+0xC4 (/Users/runner/work/vut_repo/vut_repo/spikes/mlink0/out/fx-http.o) to '_vut_rt_async_await_child_v1'
  text-relocation in '_vut_fn_159'+0xA4 (/Users/runner/work/vut_repo/vut_repo/spikes/mlink0/out/fx-http.o) to '_vut_rt_async_new_v1'
  text-relocation in '_vut_fn_159'+0x60 (/Users/runner/work/vut_repo/vut_repo/spikes/mlink0/out/fx-http.o) to '_vut_rt_frame_alloc_v1'
  text-relocation in '_vut_fn_160'+0x25C (/Users/runner/work/vut_repo/vut_repo/spikes/mlink0/out/fx-http.o) to '_vut_rt_bytes_release_v1'
  text-relocation in '_vut_fn_160'+0x244 (/Users/runner/work/vut_repo/vut_repo/spikes/mlink0/out/fx-http.o) to '_vut_rt_list_release_v1'
  text-relocation in '_vut_fn_160'+0x22C (/Users/runner/work/vut_repo/vut_repo/spikes/mlink0/out/fx-http.o) to '_vut_rt_list_release_v1'
  text-relocation in '_vut_fn_160'+0x214 (/Users/runner/work/vut_repo/vut_repo/spikes/mlink0/out/fx-http.o) to '_vut_rt_release_string_v1'
  text-relocation in '_vut_fn_160'+0x1F8 (/Users/runner/work/vut_repo/vut_repo/spikes/mlink0/out/fx-http.o) to '_vut_rt_resource_release_v1'
  text-relocation in '_vut_fn_160'+0x1BC (/Users/runner/work/vut_repo/vut_repo/spikes/mlink0/out/fx-http.o) to '_vut_rt_async_await_child_v1'
  text-relocation in '_vut_fn_160'+0x19C (/Users/runner/work/vut_repo/vut_repo/spikes/mlink0/out/fx-http.o) to '_vut_rt_async_new_v1'
  text-relocation in '_vut_fn_160'+0x128 (/Users/runner/work/vut_repo/vut_repo/spikes/mlink0/out/fx-http.o) to '_vut_rt_frame_alloc_v1'
  text-relocation in '_vut_fn_160'+0x10C (/Users/runner/work/vut_repo/vut_repo/spikes/mlink0/out/fx-http.o) to '_vut_rt_bytes_retain_v1'
  text-relocation in '_vut_fn_160'+0xF4 (/Users/runner/work/vut_repo/vut_repo/spikes/mlink0/out/fx-http.o) to '_vut_rt_list_retain_v1'
  text-relocation in '_vut_fn_160'+0xDC (/Users/runner/work/vut_repo/vut_repo/spikes/mlink0/out/fx-http.o) to '_vut_rt_list_retain_v1'
  text-relocation in '_vut_fn_160'+0xC4 (/Users/runner/work/vut_repo/vut_repo/spikes/mlink0/out/fx-http.o) to '_vut_rt_retain_string_v1'
  text-relocation in '_vut_fn_161'+0x25C (/Users/runner/work/vut_repo/vut_repo/spikes/mlink0/out/fx-http.o) to '_vut_rt_bytes_release_v1'
  text-relocation in '_vut_fn_161'+0x244 (/Users/runner/work/vut_repo/vut_repo/spikes/mlink0/out/fx-http.o) to '_vut_rt_list_release_v1'
  text-relocation in '_vut_fn_161'+0x22C (/Users/runner/work/vut_repo/vut_repo/spikes/mlink0/out/fx-http.o) to '_vut_rt_list_release_v1'
  text-relocation in '_vut_fn_161'+0x214 (/Users/runner/work/vut_repo/vut_repo/spikes/mlink0/out/fx-http.o) to '_vut_rt_release_string_v1'
  text-relocation in '_vut_fn_161'+0x1F8 (/Users/runner/work/vut_repo/vut_repo/spikes/mlink0/out/fx-http.o) to '_vut_rt_resource_release_v1'
  text-relocation in '_vut_fn_161'+0x1BC (/Users/runner/work/vut_repo/vut_repo/spikes/mlink0/out/fx-http.o) to '_vut_rt_async_await_child_v1'
  text-relocation in '_vut_fn_161'+0x19C (/Users/runner/work/vut_repo/vut_repo/spikes/mlink0/out/fx-http.o) to '_vut_rt_async_new_v1'
  text-relocation in '_vut_fn_161'+0x128 (/Users/runner/work/vut_repo/vut_repo/spikes/mlink0/out/fx-http.o) to '_vut_rt_frame_alloc_v1'
  text-relocation in '_vut_fn_161'+0x10C (/Users/runner/work/vut_repo/vut_repo/spikes/mlink0/out/fx-http.o) to '_vut_rt_bytes_retain_v1'
  text-relocation in '_vut_fn_161'+0xF4 (/Users/runner/work/vut_repo/vut_repo/spikes/mlink0/out/fx-http.o) to '_vut_rt_list_retain_v1'
  text-relocation in '_vut_fn_161'+0xDC (/Users/runner/work/vut_repo/vut_repo/spikes/mlink0/out/fx-http.o) to '_vut_rt_list_retain_v1'
  text-relocation in '_vut_fn_161'+0xC4 (/Users/runner/work/vut_repo/vut_repo/spikes/mlink0/out/fx-http.o) to '_vut_rt_retain_string_v1'
  text-relocation in '_vut_fn_162'+0x25C (/Users/runner/work/vut_repo/vut_repo/spikes/mlink0/out/fx-http.o) to '_vut_rt_bytes_release_v1'
  text-relocation in '_vut_fn_162'+0x244 (/Users/runner/work/vut_repo/vut_repo/spikes/mlink0/out/fx-http.o) to '_vut_rt_list_release_v1'
  text-relocation in '_vut_fn_162'+0x22C (/Users/runner/work/vut_repo/vut_repo/spikes/mlink0/out/fx-http.o) to '_vut_rt_list_release_v1'
  text-relocation in '_vut_fn_162'+0x214 (/Users/runner/work/vut_repo/vut_repo/spikes/mlink0/out/fx-http.o) to '_vut_rt_release_string_v1'
  text-relocation in '_vut_fn_162'+0x1F8 (/Users/runner/work/vut_repo/vut_repo/spikes/mlink0/out/fx-http.o) to '_vut_rt_resource_release_v1'
  text-relocation in '_vut_fn_162'+0x1BC (/Users/runner/work/vut_repo/vut_repo/spikes/mlink0/out/fx-http.o) to '_vut_rt_async_await_child_v1'
  text-relocation in '_vut_fn_162'+0x19C (/Users/runner/work/vut_repo/vut_repo/spikes/mlink0/out/fx-http.o) to '_vut_rt_async_new_v1'
  text-relocation in '_vut_fn_162'+0x128 (/Users/runner/work/vut_repo/vut_repo/spikes/mlink0/out/fx-http.o) to '_vut_rt_frame_alloc_v1'
  text-relocation in '_vut_fn_162'+0x10C (/Users/runner/work/vut_repo/vut_repo/spikes/mlink0/out/fx-http.o) to '_vut_rt_bytes_retain_v1'
  text-relocation in '_vut_fn_162'+0xF4 (/Users/runner/work/vut_repo/vut_repo/spikes/mlink0/out/fx-http.o) to '_vut_rt_list_retain_v1'
  text-relocation in '_vut_fn_162'+0xDC (/Users/runner/work/vut_repo/vut_repo/spikes/mlink0/out/fx-http.o) to '_vut_rt_list_retain_v1'
  text-relocation in '_vut_fn_162'+0xC4 (/Users/runner/work/vut_repo/vut_repo/spikes/mlink0/out/fx-http.o) to '_vut_rt_retain_string_v1'
  text-relocation in '_vut_fn_163'+0x25C (/Users/runner/work/vut_repo/vut_repo/spikes/mlink0/out/fx-http.o) to '_vut_rt_bytes_release_v1'
  text-relocation in '_vut_fn_163'+0x244 (/Users/runner/work/vut_repo/vut_repo/spikes/mlink0/out/fx-http.o) to '_vut_rt_list_release_v1'
  text-relocation in '_vut_fn_163'+0x22C (/Users/runner/work/vut_repo/vut_repo/spikes/mlink0/out/fx-http.o) to '_vut_rt_list_release_v1'
  text-relocation in '_vut_fn_163'+0x214 (/Users/runner/work/vut_repo/vut_repo/spikes/mlink0/out/fx-http.o) to '_vut_rt_release_string_v1'
  text-relocation in '_vut_fn_163'+0x1F8 (/Users/runner/work/vut_repo/vut_repo/spikes/mlink0/out/fx-http.o) to '_vut_rt_resource_release_v1'
  text-relocation in '_vut_fn_163'+0x1BC (/Users/runner/work/vut_repo/vut_repo/spikes/mlink0/out/fx-http.o) to '_vut_rt_async_await_child_v1'
  text-relocation in '_vut_fn_163'+0x19C (/Users/runner/work/vut_repo/vut_repo/spikes/mlink0/out/fx-http.o) to '_vut_rt_async_new_v1'
  text-relocation in '_vut_fn_163'+0x128 (/Users/runner/work/vut_repo/vut_repo/spikes/mlink0/out/fx-http.o) to '_vut_rt_frame_alloc_v1'
  text-relocation in '_vut_fn_163'+0x10C (/Users/runner/work/vut_repo/vut_repo/spikes/mlink0/out/fx-http.o) to '_vut_rt_bytes_retain_v1'
  text-relocation in '_vut_fn_163'+0xF4 (/Users/runner/work/vut_repo/vut_repo/spikes/mlink0/out/fx-http.o) to '_vut_rt_list_retain_v1'
  text-relocation in '_vut_fn_163'+0xDC (/Users/runner/work/vut_repo/vut_repo/spikes/mlink0/out/fx-http.o) to '_vut_rt_list_retain_v1'
  text-relocation in '_vut_fn_163'+0xC4 (/Users/runner/work/vut_repo/vut_repo/spikes/mlink0/out/fx-http.o) to '_vut_rt_retain_string_v1'
  text-relocation in '_vut_fn_165'+0x5C (/Users/runner/work/vut_repo/vut_repo/spikes/mlink0/out/fx-http.o) to '_vut_rt_release_string_v1'
  text-relocation in '_vut_fn_165'+0x44 (/Users/runner/work/vut_repo/vut_repo/spikes/mlink0/out/fx-http.o) to '_vut_rt_string_to_bytes_v1'
  text-relocation in '_vut_fn_165'+0x2C (/Users/runner/work/vut_repo/vut_repo/spikes/mlink0/out/fx-http.o) to '_vut_rt_string_from_utf8_v1'
  text-relocation in '_vut_fn_167'+0x148 (/Users/runner/work/vut_repo/vut_repo/spikes/mlink0/out/fx-http.o) to '_vut_rt_bytes_release_v1'
  text-relocation in '_vut_fn_167'+0x130 (/Users/runner/work/vut_repo/vut_repo/spikes/mlink0/out/fx-http.o) to '_vut_rt_bytes_release_v1'
  text-relocation in '_vut_fn_167'+0x108 (/Users/runner/work/vut_repo/vut_repo/spikes/mlink0/out/fx-http.o) to '_vut_rt_bytes_clone_v1'
  text-relocation in '_vut_fn_167'+0xC0 (/Users/runner/work/vut_repo/vut_repo/spikes/mlink0/out/fx-http.o) to '_vut_rt_string_from_utf8_v1'
  text-relocation in '_vut_fn_167'+0x98 (/Users/runner/work/vut_repo/vut_repo/spikes/mlink0/out/fx-http.o) to '_vut_rt_bytes_clone_v1'
  text-relocation in '_vut_fn_167'+0x64 (/Users/runner/work/vut_repo/vut_repo/spikes/mlink0/out/fx-http.o) to '_vut_rt_bytes_slice_v1'
  text-relocation in '_vut_fn_167'+0x4C (/Users/runner/work/vut_repo/vut_repo/spikes/mlink0/out/fx-http.o) to '_vut_rt_bytes_len_v1'
  text-relocation in '_vut_fn_167'+0x2C (/Users/runner/work/vut_repo/vut_repo/spikes/mlink0/out/fx-http.o) to '_vut_rt_bytes_read_i32_v1'
  text-relocation in '_vut_fn_384'+0x100 (/Users/runner/work/vut_repo/vut_repo/spikes/mlink0/out/fx-http.o) to '_vut_rt_bytes_release_v1'
  text-relocation in '_vut_fn_384'+0xC0 (/Users/runner/work/vut_repo/vut_repo/spikes/mlink0/out/fx-http.o) to '_vut_rt_async_await_child_v1'
  text-relocation in '_vut_fn_384'+0xA0 (/Users/runner/work/vut_repo/vut_repo/spikes/mlink0/out/fx-http.o) to '_vut_rt_http_stream_read_v1'
  text-relocation in '_vut_fn_384'+0x8C (/Users/runner/work/vut_repo/vut_repo/spikes/mlink0/out/fx-http.o) to '_vut_rt_resource_ptr_v1'
  text-relocation in '_vut_fn_384'+0x68 (/Users/runner/work/vut_repo/vut_repo/spikes/mlink0/out/fx-http.o) to '_vut_rt_release_string_v1'
  text-relocation in '_vut_fn_384'+0x50 (/Users/runner/work/vut_repo/vut_repo/spikes/mlink0/out/fx-http.o) to '_vut_rt_string_to_bytes_v1'
  text-relocation in '_vut_fn_384'+0x38 (/Users/runner/work/vut_repo/vut_repo/spikes/mlink0/out/fx-http.o) to '_vut_rt_string_from_utf8_v1'
  text-relocation in '_vut_fn_168'+0x44 (/Users/runner/work/vut_repo/vut_repo/spikes/mlink0/out/fx-http.o) to '_vut_rt_resource_release_v1'
  text-relocation in '_vut_fn_171'+0x30 (/Users/runner/work/vut_repo/vut_repo/spikes/mlink0/out/fx-http.o) to '_vut_rt_release_string_v1'
  text-relocation in '_vut_fn_171'+0x18 (/Users/runner/work/vut_repo/vut_repo/spikes/mlink0/out/fx-http.o) to '_vut_rt_io_stderr_write_v1'
  text-relocation in '_vut_fn_172'+0x10 (/Users/runner/work/vut_repo/vut_repo/spikes/mlink0/out/fx-http.o) to '_vut_rt_io_flush_v1'
  text-relocation in '_vut_fn_179'+0xA4 (/Users/runner/work/vut_repo/vut_repo/spikes/mlink0/out/fx-http.o) to '_vut_rt_bytes_release_v1'
  text-relocation in '_vut_fn_179'+0x68 (/Users/runner/work/vut_repo/vut_repo/spikes/mlink0/out/fx-http.o) to '_vut_rt_bytes_clone_v1'
  text-relocation in '_vut_fn_179'+0x48 (/Users/runner/work/vut_repo/vut_repo/spikes/mlink0/out/fx-http.o) to '_vut_rt_bytes_clone_v1'
  text-relocation in '_vut_fn_179'+0x24 (/Users/runner/work/vut_repo/vut_repo/spikes/mlink0/out/fx-http.o) to '_vut_rt_bytes_clone_v1'
  text-relocation in '_vut_fn_181'+0x80 (/Users/runner/work/vut_repo/vut_repo/spikes/mlink0/out/fx-http.o) to '_vut_rt_release_string_v1'
  text-relocation in '_vut_fn_181'+0x68 (/Users/runner/work/vut_repo/vut_repo/spikes/mlink0/out/fx-http.o) to '_vut_rt_release_string_v1'
  text-relocation in '_vut_fn_181'+0x48 (/Users/runner/work/vut_repo/vut_repo/spikes/mlink0/out/fx-http.o) to '_vut_rt_concat_v1'
  text-relocation in '_vut_fn_181'+0x30 (/Users/runner/work/vut_repo/vut_repo/spikes/mlink0/out/fx-http.o) to '_vut_rt_string_from_utf8_v1'
  text-relocation in '_vut_fn_193'+0x34 (/Users/runner/work/vut_repo/vut_repo/spikes/mlink0/out/fx-http.o) to '_vut_rt_string_from_utf8_v1'
  text-relocation in '_vut_fn_194'+0x100 (/Users/runner/work/vut_repo/vut_repo/spikes/mlink0/out/fx-http.o) to '_vut_rt_release_string_v1'
  text-relocation in '_vut_fn_194'+0xE8 (/Users/runner/work/vut_repo/vut_repo/spikes/mlink0/out/fx-http.o) to '_vut_rt_release_string_v1'
  text-relocation in '_vut_fn_194'+0xC8 (/Users/runner/work/vut_repo/vut_repo/spikes/mlink0/out/fx-http.o) to '_vut_rt_concat_v1'
  text-relocation in '_vut_fn_194'+0xB0 (/Users/runner/work/vut_repo/vut_repo/spikes/mlink0/out/fx-http.o) to '_vut_rt_string_from_utf8_v1'
  text-relocation in '_vut_fn_194'+0x8C (/Users/runner/work/vut_repo/vut_repo/spikes/mlink0/out/fx-http.o) to '_vut_rt_release_string_v1'
  text-relocation in '_vut_fn_194'+0x74 (/Users/runner/work/vut_repo/vut_repo/spikes/mlink0/out/fx-http.o) to '_vut_rt_release_string_v1'
  text-relocation in '_vut_fn_194'+0x58 (/Users/runner/work/vut_repo/vut_repo/spikes/mlink0/out/fx-http.o) to '_vut_rt_concat_v1'
  text-relocation in '_vut_fn_194'+0x40 (/Users/runner/work/vut_repo/vut_repo/spikes/mlink0/out/fx-http.o) to '_vut_rt_string_from_utf8_v1'
  text-relocation in '_vut_fn_195'+0x70 (/Users/runner/work/vut_repo/vut_repo/spikes/mlink0/out/fx-http.o) to '_vut_rt_bytes_release_v1'
  text-relocation in '_vut_fn_195'+0x34 (/Users/runner/work/vut_repo/vut_repo/spikes/mlink0/out/fx-http.o) to '_vut_rt_bytes_clone_v1'
  text-relocation in '_vut_fn_196'+0x70 (/Users/runner/work/vut_repo/vut_repo/spikes/mlink0/out/fx-http.o) to '_vut_rt_bytes_release_v1'
  text-relocation in '_vut_fn_196'+0x34 (/Users/runner/work/vut_repo/vut_repo/spikes/mlink0/out/fx-http.o) to '_vut_rt_bytes_clone_v1'
  text-relocation in '_vut_fn_197'+0x3C (/Users/runner/work/vut_repo/vut_repo/spikes/mlink0/out/fx-http.o) to '_vut_rt_bytes_clone_v1'
  text-relocation in '_vut_fn_202'+0x30 (/Users/runner/work/vut_repo/vut_repo/spikes/mlink0/out/fx-http.o) to '_vut_rt_bytes_release_v1'
  text-relocation in '_vut_fn_202'+0x18 (/Users/runner/work/vut_repo/vut_repo/spikes/mlink0/out/fx-http.o) to '_vut_rt_bytes_byte_at_v1'
  text-relocation in '_vut_fn_207'+0x3C (/Users/runner/work/vut_repo/vut_repo/spikes/mlink0/out/fx-http.o) to '_vut_rt_char_from_code_v1'
  text-relocation in '_vut_fn_207'+0x1C (/Users/runner/work/vut_repo/vut_repo/spikes/mlink0/out/fx-http.o) to '_vut_rt_char_from_code_v1'
  text-relocation in '_vut_fn_208'+0x138 (/Users/runner/work/vut_repo/vut_repo/spikes/mlink0/out/fx-http.o) to '_vut_rt_bytes_release_v1'
  text-relocation in '_vut_fn_208'+0x120 (/Users/runner/work/vut_repo/vut_repo/spikes/mlink0/out/fx-http.o) to '_vut_rt_bytes_release_v1'
  text-relocation in '_vut_fn_208'+0x108 (/Users/runner/work/vut_repo/vut_repo/spikes/mlink0/out/fx-http.o) to '_vut_rt_release_string_v1'
  text-relocation in '_vut_fn_208'+0xF0 (/Users/runner/work/vut_repo/vut_repo/spikes/mlink0/out/fx-http.o) to '_vut_rt_retain_string_v1'
  text-relocation in '_vut_fn_208'+0xCC (/Users/runner/work/vut_repo/vut_repo/spikes/mlink0/out/fx-http.o) to '_vut_rt_string_from_utf8_v1'
  text-relocation in '_vut_fn_208'+0x70 (/Users/runner/work/vut_repo/vut_repo/spikes/mlink0/out/fx-http.o) to '_vut_rt_bytes_utf8_error_len_v1'
  text-relocation in '_vut_fn_208'+0x54 (/Users/runner/work/vut_repo/vut_repo/spikes/mlink0/out/fx-http.o) to '_vut_rt_bytes_utf8_valid_up_to_v1'
  text-relocation in '_vut_fn_208'+0x38 (/Users/runner/work/vut_repo/vut_repo/spikes/mlink0/out/fx-http.o) to '_vut_rt_bytes_to_str_v1'
  text-relocation in '_vut_fn_208'+0x20 (/Users/runner/work/vut_repo/vut_repo/spikes/mlink0/out/fx-http.o) to '_vut_rt_bytes_slice_v1'
  text-relocation in '_vut_fn_209'+0xD8 (/Users/runner/work/vut_repo/vut_repo/spikes/mlink0/out/fx-http.o) to '_vut_rt_release_string_v1'
  text-relocation in '_vut_fn_209'+0xC0 (/Users/runner/work/vut_repo/vut_repo/spikes/mlink0/out/fx-http.o) to '_vut_rt_release_string_v1'
  text-relocation in '_vut_fn_209'+0xA8 (/Users/runner/work/vut_repo/vut_repo/spikes/mlink0/out/fx-http.o) to '_vut_rt_release_string_v1'
  text-relocation in '_vut_fn_209'+0x88 (/Users/runner/work/vut_repo/vut_repo/spikes/mlink0/out/fx-http.o) to '_vut_rt_concat_v1'
  text-relocation in '_vut_fn_209'+0x70 (/Users/runner/work/vut_repo/vut_repo/spikes/mlink0/out/fx-http.o) to '_vut_rt_char_from_code_v1'
  text-relocation in '_vut_fn_209'+0x54 (/Users/runner/work/vut_repo/vut_repo/spikes/mlink0/out/fx-http.o) to '_vut_rt_retain_string_v1'
  text-relocation in '_vut_fn_209'+0x2C (/Users/runner/work/vut_repo/vut_repo/spikes/mlink0/out/fx-http.o) to '_vut_rt_string_from_utf8_v1'
  text-relocation in '_vut_fn_210'+0x70 (/Users/runner/work/vut_repo/vut_repo/spikes/mlink0/out/fx-http.o) to '_vut_rt_bytes_release_v1'
  text-relocation in '_vut_fn_210'+0x3C (/Users/runner/work/vut_repo/vut_repo/spikes/mlink0/out/fx-http.o) to '_vut_rt_bytes_clone_v1'
  text-relocation in '_vut_fn_210'+0x1C (/Users/runner/work/vut_repo/vut_repo/spikes/mlink0/out/fx-http.o) to '_vut_rt_bytes_len_v1'
  text-relocation in '_vut_fn_212'+0x40C (/Users/runner/work/vut_repo/vut_repo/spikes/mlink0/out/fx-http.o) to '_vut_rt_bytes_release_v1'
  text-relocation in '_vut_fn_212'+0x3F4 (/Users/runner/work/vut_repo/vut_repo/spikes/mlink0/out/fx-http.o) to '_vut_rt_release_string_v1'
  text-relocation in '_vut_fn_212'+0x3E0 (/Users/runner/work/vut_repo/vut_repo/spikes/mlink0/out/fx-http.o) to '_vut_rt_release_string_v1'
  text-relocation in '_vut_fn_212'+0x3C4 (/Users/runner/work/vut_repo/vut_repo/spikes/mlink0/out/fx-http.o) to '_vut_rt_list_release_v1'
  text-relocation in '_vut_fn_212'+0x3A8 (/Users/runner/work/vut_repo/vut_repo/spikes/mlink0/out/fx-http.o) to '_vut_rt_map_release_v1'
  text-relocation in '_vut_fn_212'+0x338 (/Users/runner/work/vut_repo/vut_repo/spikes/mlink0/out/fx-http.o) to '_vut_rt_string_from_utf8_v1'
  text-relocation in '_vut_fn_212'+0x310 (/Users/runner/work/vut_repo/vut_repo/spikes/mlink0/out/fx-http.o) to '_vut_rt_bytes_clone_v1'
  text-relocation in '_vut_fn_212'+0x28C (/Users/runner/work/vut_repo/vut_repo/spikes/mlink0/out/fx-http.o) to '_vut_rt_bytes_release_v1'
  text-relocation in '_vut_fn_212'+0x278 (/Users/runner/work/vut_repo/vut_repo/spikes/mlink0/out/fx-http.o) to '_vut_rt_release_string_v1'
  text-relocation in '_vut_fn_212'+0x25C (/Users/runner/work/vut_repo/vut_repo/spikes/mlink0/out/fx-http.o) to '_vut_rt_list_release_v1'
  text-relocation in '_vut_fn_212'+0x240 (/Users/runner/work/vut_repo/vut_repo/spikes/mlink0/out/fx-http.o) to '_vut_rt_map_release_v1'
  text-relocation in '_vut_fn_212'+0x1E0 (/Users/runner/work/vut_repo/vut_repo/spikes/mlink0/out/fx-http.o) to '_vut_rt_retain_string_v1'
  text-relocation in '_vut_fn_212'+0x1C4 (/Users/runner/work/vut_repo/vut_repo/spikes/mlink0/out/fx-http.o) to '_vut_rt_list_retain_v1'
  text-relocation in '_vut_fn_212'+0x1A8 (/Users/runner/work/vut_repo/vut_repo/spikes/mlink0/out/fx-http.o) to '_vut_rt_map_retain_v1'
  text-relocation in '_vut_fn_212'+0x128 (/Users/runner/work/vut_repo/vut_repo/spikes/mlink0/out/fx-http.o) to '_vut_rt_string_from_utf8_v1'
  text-relocation in '_vut_fn_212'+0x100 (/Users/runner/work/vut_repo/vut_repo/spikes/mlink0/out/fx-http.o) to '_vut_rt_bytes_clone_v1'
  text-relocation in '_vut_fn_212'+0xDC (/Users/runner/work/vut_repo/vut_repo/spikes/mlink0/out/fx-http.o) to '_vut_rt_release_string_v1'
  text-relocation in '_vut_fn_212'+0xC4 (/Users/runner/work/vut_repo/vut_repo/spikes/mlink0/out/fx-http.o) to '_vut_rt_release_string_v1'
  text-relocation in '_vut_fn_212'+0xA8 (/Users/runner/work/vut_repo/vut_repo/spikes/mlink0/out/fx-http.o) to '_vut_rt_string_eq_v1'
  text-relocation in '_vut_fn_212'+0x80 (/Users/runner/work/vut_repo/vut_repo/spikes/mlink0/out/fx-http.o) to '_vut_rt_bytes_clone_v1'
  text-relocation in '_vut_fn_212'+0x5C (/Users/runner/work/vut_repo/vut_repo/spikes/mlink0/out/fx-http.o) to '_vut_rt_bytes_len_v1'
  text-relocation in '_vut_fn_212'+0x38 (/Users/runner/work/vut_repo/vut_repo/spikes/mlink0/out/fx-http.o) to '_vut_rt_string_byte_len_v1'
  text-relocation in '_vut_fn_213'+0x938 (/Users/runner/work/vut_repo/vut_repo/spikes/mlink0/out/fx-http.o) to '_vut_rt_bytes_release_v1'
  text-relocation in '_vut_fn_213'+0x920 (/Users/runner/work/vut_repo/vut_repo/spikes/mlink0/out/fx-http.o) to '_vut_rt_release_string_v1'
  text-relocation in '_vut_fn_213'+0x908 (/Users/runner/work/vut_repo/vut_repo/spikes/mlink0/out/fx-http.o) to '_vut_rt_release_string_v1'
  text-relocation in '_vut_fn_213'+0x8C8 (/Users/runner/work/vut_repo/vut_repo/spikes/mlink0/out/fx-http.o) to '_vut_rt_retain_string_v1'
  text-relocation in '_vut_fn_213'+0x8AC (/Users/runner/work/vut_repo/vut_repo/spikes/mlink0/out/fx-http.o) to '_vut_rt_bytes_clone_v1'
  text-relocation in '_vut_fn_213'+0x86C (/Users/runner/work/vut_repo/vut_repo/spikes/mlink0/out/fx-http.o) to '_vut_rt_string_from_utf8_v1'
  text-relocation in '_vut_fn_213'+0x844 (/Users/runner/work/vut_repo/vut_repo/spikes/mlink0/out/fx-http.o) to '_vut_rt_bytes_clone_v1'
  text-relocation in '_vut_fn_213'+0x804 (/Users/runner/work/vut_repo/vut_repo/spikes/mlink0/out/fx-http.o) to '_vut_rt_retain_string_v1'
  text-relocation in '_vut_fn_213'+0x7D8 (/Users/runner/work/vut_repo/vut_repo/spikes/mlink0/out/fx-http.o) to '_vut_rt_release_string_v1'
  text-relocation in '_vut_fn_213'+0x7C0 (/Users/runner/work/vut_repo/vut_repo/spikes/mlink0/out/fx-http.o) to '_vut_rt_release_string_v1'
  text-relocation in '_vut_fn_213'+0x7A0 (/Users/runner/work/vut_repo/vut_repo/spikes/mlink0/out/fx-http.o) to '_vut_rt_string_eq_v1'
  text-relocation in '_vut_fn_213'+0x788 (/Users/runner/work/vut_repo/vut_repo/spikes/mlink0/out/fx-http.o) to '_vut_rt_string_from_utf8_v1'
  text-relocation in '_vut_fn_213'+0x764 (/Users/runner/work/vut_repo/vut_repo/spikes/mlink0/out/fx-http.o) to '_vut_rt_retain_string_v1'
  text-relocation in '_vut_fn_213'+0x72C (/Users/runner/work/vut_repo/vut_repo/spikes/mlink0/out/fx-http.o) to '_vut_rt_release_string_v1'
  text-relocation in '_vut_fn_213'+0x714 (/Users/runner/work/vut_repo/vut_repo/spikes/mlink0/out/fx-http.o) to '_vut_rt_string_from_utf8_v1'
  text-relocation in '_vut_fn_213'+0x6EC (/Users/runner/work/vut_repo/vut_repo/spikes/mlink0/out/fx-http.o) to '_vut_rt_release_string_v1'
  text-relocation in '_vut_fn_213'+0x6D4 (/Users/runner/work/vut_repo/vut_repo/spikes/mlink0/out/fx-http.o) to '_vut_rt_string_from_utf8_v1'
  text-relocation in '_vut_fn_213'+0x69C (/Users/runner/work/vut_repo/vut_repo/spikes/mlink0/out/fx-http.o) to '_vut_rt_release_string_v1'
  text-relocation in '_vut_fn_213'+0x684 (/Users/runner/work/vut_repo/vut_repo/spikes/mlink0/out/fx-http.o) to '_vut_rt_release_string_v1'
  text-relocation in '_vut_fn_213'+0x66C (/Users/runner/work/vut_repo/vut_repo/spikes/mlink0/out/fx-http.o) to '_vut_rt_release_string_v1'
  text-relocation in '_vut_fn_213'+0x64C (/Users/runner/work/vut_repo/vut_repo/spikes/mlink0/out/fx-http.o) to '_vut_rt_concat_v1'
  text-relocation in '_vut_fn_213'+0x620 (/Users/runner/work/vut_repo/vut_repo/spikes/mlink0/out/fx-http.o) to '_vut_rt_bytes_clone_v1'
  text-relocation in '_vut_fn_213'+0x608 (/Users/runner/work/vut_repo/vut_repo/spikes/mlink0/out/fx-http.o) to '_vut_rt_retain_string_v1'
  text-relocation in '_vut_fn_213'+0x5E0 (/Users/runner/work/vut_repo/vut_repo/spikes/mlink0/out/fx-http.o) to '_vut_rt_release_string_v1'
  text-relocation in '_vut_fn_213'+0x5C8 (/Users/runner/work/vut_repo/vut_repo/spikes/mlink0/out/fx-http.o) to '_vut_rt_string_from_utf8_v1'
  text-relocation in '_vut_fn_213'+0x5A0 (/Users/runner/work/vut_repo/vut_repo/spikes/mlink0/out/fx-http.o) to '_vut_rt_release_string_v1'
  text-relocation in '_vut_fn_213'+0x588 (/Users/runner/work/vut_repo/vut_repo/spikes/mlink0/out/fx-http.o) to '_vut_rt_string_from_utf8_v1'
  text-relocation in '_vut_fn_213'+0x560 (/Users/runner/work/vut_repo/vut_repo/spikes/mlink0/out/fx-http.o) to '_vut_rt_release_string_v1'
  text-relocation in '_vut_fn_213'+0x548 (/Users/runner/work/vut_repo/vut_repo/spikes/mlink0/out/fx-http.o) to '_vut_rt_string_from_utf8_v1'
  text-relocation in '_vut_fn_213'+0x51C (/Users/runner/work/vut_repo/vut_repo/spikes/mlink0/out/fx-http.o) to '_vut_rt_release_string_v1'
  text-relocation in '_vut_fn_213'+0x504 (/Users/runner/work/vut_repo/vut_repo/spikes/mlink0/out/fx-http.o) to '_vut_rt_release_string_v1'
  text-relocation in '_vut_fn_213'+0x4EC (/Users/runner/work/vut_repo/vut_repo/spikes/mlink0/out/fx-http.o) to '_vut_rt_release_string_v1'
  text-relocation in '_vut_fn_213'+0x4CC (/Users/runner/work/vut_repo/vut_repo/spikes/mlink0/out/fx-http.o) to '_vut_rt_concat_v1'
  text-relocation in '_vut_fn_213'+0x4B0 (/Users/runner/work/vut_repo/vut_repo/spikes/mlink0/out/fx-http.o) to '_vut_rt_char_from_code_v1'
  text-relocation in '_vut_fn_213'+0x498 (/Users/runner/work/vut_repo/vut_repo/spikes/mlink0/out/fx-http.o) to '_vut_rt_retain_string_v1'
  text-relocation in '_vut_fn_213'+0x414 (/Users/runner/work/vut_repo/vut_repo/spikes/mlink0/out/fx-http.o) to '_vut_rt_bytes_clone_v1'
  text-relocation in '_vut_fn_213'+0x3E4 (/Users/runner/work/vut_repo/vut_repo/spikes/mlink0/out/fx-http.o) to '_vut_rt_bytes_clone_v1'
  text-relocation in '_vut_fn_213'+0x3B4 (/Users/runner/work/vut_repo/vut_repo/spikes/mlink0/out/fx-http.o) to '_vut_rt_bytes_clone_v1'
  text-relocation in '_vut_fn_213'+0x384 (/Users/runner/work/vut_repo/vut_repo/spikes/mlink0/out/fx-http.o) to '_vut_rt_bytes_clone_v1'
  text-relocation in '_vut_fn_213'+0x34C (/Users/runner/work/vut_repo/vut_repo/spikes/mlink0/out/fx-http.o) to '_vut_rt_bytes_clone_v1'
  text-relocation in '_vut_fn_213'+0x320 (/Users/runner/work/vut_repo/vut_repo/spikes/mlink0/out/fx-http.o) to '_vut_rt_bytes_clone_v1'
  text-relocation in '_vut_fn_213'+0x2FC (/Users/runner/work/vut_repo/vut_repo/spikes/mlink0/out/fx-http.o) to '_vut_rt_bytes_len_v1'
  text-relocation in '_vut_fn_213'+0x298 (/Users/runner/work/vut_repo/vut_repo/spikes/mlink0/out/fx-http.o) to '_vut_rt_bytes_clone_v1'
  text-relocation in '_vut_fn_213'+0x268 (/Users/runner/work/vut_repo/vut_repo/spikes/mlink0/out/fx-http.o) to '_vut_rt_bytes_clone_v1'
  text-relocation in '_vut_fn_213'+0x238 (/Users/runner/work/vut_repo/vut_repo/spikes/mlink0/out/fx-http.o) to '_vut_rt_bytes_clone_v1'
  text-relocation in '_vut_fn_213'+0x208 (/Users/runner/work/vut_repo/vut_repo/spikes/mlink0/out/fx-http.o) to '_vut_rt_bytes_clone_v1'
  text-relocation in '_vut_fn_213'+0x1E8 (/Users/runner/work/vut_repo/vut_repo/spikes/mlink0/out/fx-http.o) to '_vut_rt_bytes_len_v1'
  text-relocation in '_vut_fn_213'+0x1B4 (/Users/runner/work/vut_repo/vut_repo/spikes/mlink0/out/fx-http.o) to '_vut_rt_release_string_v1'
  text-relocation in '_vut_fn_213'+0x19C (/Users/runner/work/vut_repo/vut_repo/spikes/mlink0/out/fx-http.o) to '_vut_rt_release_string_v1'
  text-relocation in '_vut_fn_213'+0x184 (/Users/runner/work/vut_repo/vut_repo/spikes/mlink0/out/fx-http.o) to '_vut_rt_release_string_v1'
  text-relocation in '_vut_fn_213'+0x164 (/Users/runner/work/vut_repo/vut_repo/spikes/mlink0/out/fx-http.o) to '_vut_rt_concat_v1'
  text-relocation in '_vut_fn_213'+0x140 (/Users/runner/work/vut_repo/vut_repo/spikes/mlink0/out/fx-http.o) to '_vut_rt_retain_string_v1'
  text-relocation in '_vut_fn_213'+0x110 (/Users/runner/work/vut_repo/vut_repo/spikes/mlink0/out/fx-http.o) to '_vut_rt_bytes_clone_v1'
  text-relocation in '_vut_fn_213'+0xF0 (/Users/runner/work/vut_repo/vut_repo/spikes/mlink0/out/fx-http.o) to '_vut_rt_bytes_len_v1'
  text-relocation in '_vut_fn_213'+0xB0 (/Users/runner/work/vut_repo/vut_repo/spikes/mlink0/out/fx-http.o) to '_vut_rt_bytes_clone_v1'
  text-relocation in '_vut_fn_213'+0x8C (/Users/runner/work/vut_repo/vut_repo/spikes/mlink0/out/fx-http.o) to '_vut_rt_bytes_len_v1'
  text-relocation in '_vut_fn_213'+0x74 (/Users/runner/work/vut_repo/vut_repo/spikes/mlink0/out/fx-http.o) to '_vut_rt_string_from_utf8_v1'
  text-relocation in '_vut_fn_213'+0x40 (/Users/runner/work/vut_repo/vut_repo/spikes/mlink0/out/fx-http.o) to '_vut_rt_string_from_utf8_v1'
  text-relocation in '_vut_fn_214'+0x13C (/Users/runner/work/vut_repo/vut_repo/spikes/mlink0/out/fx-http.o) to '_vut_rt_char_from_code_v1'
  text-relocation in '_vut_fn_214'+0x120 (/Users/runner/work/vut_repo/vut_repo/spikes/mlink0/out/fx-http.o) to '_vut_rt_char_from_code_v1'
  text-relocation in '_vut_fn_214'+0x104 (/Users/runner/work/vut_repo/vut_repo/spikes/mlink0/out/fx-http.o) to '_vut_rt_char_from_code_v1'
  text-relocation in '_vut_fn_214'+0xE8 (/Users/runner/work/vut_repo/vut_repo/spikes/mlink0/out/fx-http.o) to '_vut_rt_char_from_code_v1'
  text-relocation in '_vut_fn_214'+0xCC (/Users/runner/work/vut_repo/vut_repo/spikes/mlink0/out/fx-http.o) to '_vut_rt_char_from_code_v1'
  text-relocation in '_vut_fn_214'+0xB0 (/Users/runner/work/vut_repo/vut_repo/spikes/mlink0/out/fx-http.o) to '_vut_rt_char_from_code_v1'
  text-relocation in '_vut_fn_214'+0x94 (/Users/runner/work/vut_repo/vut_repo/spikes/mlink0/out/fx-http.o) to '_vut_rt_char_from_code_v1'
  text-relocation in '_vut_fn_214'+0x78 (/Users/runner/work/vut_repo/vut_repo/spikes/mlink0/out/fx-http.o) to '_vut_rt_char_from_code_v1'
  text-relocation in '_vut_fn_214'+0x5C (/Users/runner/work/vut_repo/vut_repo/spikes/mlink0/out/fx-http.o) to '_vut_rt_string_from_utf8_v1'
  text-relocation in '_vut_fn_215'+0x50 (/Users/runner/work/vut_repo/vut_repo/spikes/mlink0/out/fx-http.o) to '_vut_rt_bytes_release_v1'
  text-relocation in '_vut_fn_215'+0x1C (/Users/runner/work/vut_repo/vut_repo/spikes/mlink0/out/fx-http.o) to '_vut_rt_bytes_clone_v1'
  text-relocation in '_vut_fn_218'+0x350 (/Users/runner/work/vut_repo/vut_repo/spikes/mlink0/out/fx-http.o) to '_vut_rt_bytes_release_v1'
  text-relocation in '_vut_fn_218'+0x318 (/Users/runner/work/vut_repo/vut_repo/spikes/mlink0/out/fx-http.o) to '_vut_rt_string_from_utf8_v1'
  text-relocation in '_vut_fn_218'+0x2F0 (/Users/runner/work/vut_repo/vut_repo/spikes/mlink0/out/fx-http.o) to '_vut_rt_bytes_clone_v1'
  text-relocation in '_vut_fn_218'+0x280 (/Users/runner/work/vut_repo/vut_repo/spikes/mlink0/out/fx-http.o) to '_vut_rt_bytes_release_v1'
  text-relocation in '_vut_fn_218'+0x1F0 (/Users/runner/work/vut_repo/vut_repo/spikes/mlink0/out/fx-http.o) to '_vut_rt_bytes_release_v1'
  text-relocation in '_vut_fn_218'+0x174 (/Users/runner/work/vut_repo/vut_repo/spikes/mlink0/out/fx-http.o) to '_vut_rt_bytes_release_v1'
  text-relocation in '_vut_fn_218'+0xA4 (/Users/runner/work/vut_repo/vut_repo/spikes/mlink0/out/fx-http.o) to '_vut_rt_bytes_clone_v1'
  text-relocation in '_vut_fn_218'+0x38 (/Users/runner/work/vut_repo/vut_repo/spikes/mlink0/out/fx-http.o) to '_vut_rt_bytes_clone_v1'
  text-relocation in '_vut_fn_219'+0x638 (/Users/runner/work/vut_repo/vut_repo/spikes/mlink0/out/fx-http.o) to '_vut_rt_bytes_release_v1'
  text-relocation in '_vut_fn_219'+0x600 (/Users/runner/work/vut_repo/vut_repo/spikes/mlink0/out/fx-http.o) to '_vut_rt_string_from_utf8_v1'
  text-relocation in '_vut_fn_219'+0x5D8 (/Users/runner/work/vut_repo/vut_repo/spikes/mlink0/out/fx-http.o) to '_vut_rt_bytes_clone_v1'
  text-relocation in '_vut_fn_219'+0x540 (/Users/runner/work/vut_repo/vut_repo/spikes/mlink0/out/fx-http.o) to '_vut_rt_bytes_release_v1'
  text-relocation in '_vut_fn_219'+0x508 (/Users/runner/work/vut_repo/vut_repo/spikes/mlink0/out/fx-http.o) to '_vut_rt_string_from_utf8_v1'
  text-relocation in '_vut_fn_219'+0x4E0 (/Users/runner/work/vut_repo/vut_repo/spikes/mlink0/out/fx-http.o) to '_vut_rt_bytes_clone_v1'
  text-relocation in '_vut_fn_219'+0x450 (/Users/runner/work/vut_repo/vut_repo/spikes/mlink0/out/fx-http.o) to '_vut_rt_bytes_release_v1'
  text-relocation in '_vut_fn_219'+0x438 (/Users/runner/work/vut_repo/vut_repo/spikes/mlink0/out/fx-http.o) to '_vut_rt_release_string_v1'
  text-relocation in '_vut_fn_219'+0x3EC (/Users/runner/work/vut_repo/vut_repo/spikes/mlink0/out/fx-http.o) to '_vut_rt_string_to_f64_v1'
  text-relocation in '_vut_fn_219'+0x3C4 (/Users/runner/work/vut_repo/vut_repo/spikes/mlink0/out/fx-http.o) to '_vut_rt_bytes_clone_v1'
  text-relocation in '_vut_fn_219'+0x38C (/Users/runner/work/vut_repo/vut_repo/spikes/mlink0/out/fx-http.o) to '_vut_rt_bytes_clone_v1'
  text-relocation in '_vut_fn_219'+0x360 (/Users/runner/work/vut_repo/vut_repo/spikes/mlink0/out/fx-http.o) to '_vut_rt_bytes_clone_v1'
  text-relocation in '_vut_fn_219'+0x334 (/Users/runner/work/vut_repo/vut_repo/spikes/mlink0/out/fx-http.o) to '_vut_rt_bytes_clone_v1'
  text-relocation in '_vut_fn_219'+0x2F4 (/Users/runner/work/vut_repo/vut_repo/spikes/mlink0/out/fx-http.o) to '_vut_rt_bytes_clone_v1'
  text-relocation in '_vut_fn_219'+0x2CC (/Users/runner/work/vut_repo/vut_repo/spikes/mlink0/out/fx-http.o) to '_vut_rt_bytes_clone_v1'
  text-relocation in '_vut_fn_219'+0x28C (/Users/runner/work/vut_repo/vut_repo/spikes/mlink0/out/fx-http.o) to '_vut_rt_bytes_clone_v1'
  text-relocation in '_vut_fn_219'+0x260 (/Users/runner/work/vut_repo/vut_repo/spikes/mlink0/out/fx-http.o) to '_vut_rt_bytes_clone_v1'
  text-relocation in '_vut_fn_219'+0x23C (/Users/runner/work/vut_repo/vut_repo/spikes/mlink0/out/fx-http.o) to '_vut_rt_bytes_clone_v1'
  text-relocation in '_vut_fn_219'+0x210 (/Users/runner/work/vut_repo/vut_repo/spikes/mlink0/out/fx-http.o) to '_vut_rt_bytes_clone_v1'
  text-relocation in '_vut_fn_219'+0x1D8 (/Users/runner/work/vut_repo/vut_repo/spikes/mlink0/out/fx-http.o) to '_vut_rt_bytes_clone_v1'
  text-relocation in '_vut_fn_219'+0x1A0 (/Users/runner/work/vut_repo/vut_repo/spikes/mlink0/out/fx-http.o) to '_vut_rt_bytes_clone_v1'
  text-relocation in '_vut_fn_219'+0x11C (/Users/runner/work/vut_repo/vut_repo/spikes/mlink0/out/fx-http.o) to '_vut_rt_bytes_release_v1'
  text-relocation in '_vut_fn_219'+0xE4 (/Users/runner/work/vut_repo/vut_repo/spikes/mlink0/out/fx-http.o) to '_vut_rt_string_from_utf8_v1'
  text-relocation in '_vut_fn_219'+0xBC (/Users/runner/work/vut_repo/vut_repo/spikes/mlink0/out/fx-http.o) to '_vut_rt_bytes_clone_v1'
  text-relocation in '_vut_fn_219'+0x78 (/Users/runner/work/vut_repo/vut_repo/spikes/mlink0/out/fx-http.o) to '_vut_rt_bytes_clone_v1'
  text-relocation in '_vut_fn_219'+0x3C (/Users/runner/work/vut_repo/vut_repo/spikes/mlink0/out/fx-http.o) to '_vut_rt_bytes_clone_v1'
  text-relocation in '_vut_fn_220'+0x8C (/Users/runner/work/vut_repo/vut_repo/spikes/mlink0/out/fx-http.o) to '_vut_rt_release_string_v1'
  text-relocation in '_vut_fn_220'+0x48 (/Users/runner/work/vut_repo/vut_repo/spikes/mlink0/out/fx-http.o) to '_vut_rt_retain_string_v1'
  text-relocation in '_vut_fn_221'+0x50C (/Users/runner/work/vut_repo/vut_repo/spikes/mlink0/out/fx-http.o) to '_vut_rt_bytes_release_v1'
  text-relocation in '_vut_fn_221'+0x4D4 (/Users/runner/work/vut_repo/vut_repo/spikes/mlink0/out/fx-http.o) to '_vut_rt_string_from_utf8_v1'
  text-relocation in '_vut_fn_221'+0x4AC (/Users/runner/work/vut_repo/vut_repo/spikes/mlink0/out/fx-http.o) to '_vut_rt_bytes_clone_v1'
  text-relocation in '_vut_fn_221'+0x42C (/Users/runner/work/vut_repo/vut_repo/spikes/mlink0/out/fx-http.o) to '_vut_rt_bytes_release_v1'
  text-relocation in '_vut_fn_221'+0x3F4 (/Users/runner/work/vut_repo/vut_repo/spikes/mlink0/out/fx-http.o) to '_vut_rt_string_from_utf8_v1'
  text-relocation in '_vut_fn_221'+0x3CC (/Users/runner/work/vut_repo/vut_repo/spikes/mlink0/out/fx-http.o) to '_vut_rt_bytes_clone_v1'
  text-relocation in '_vut_fn_221'+0x350 (/Users/runner/work/vut_repo/vut_repo/spikes/mlink0/out/fx-http.o) to '_vut_rt_bytes_release_v1'
  text-relocation in '_vut_fn_221'+0x318 (/Users/runner/work/vut_repo/vut_repo/spikes/mlink0/out/fx-http.o) to '_vut_rt_string_from_utf8_v1'
  text-relocation in '_vut_fn_221'+0x2F0 (/Users/runner/work/vut_repo/vut_repo/spikes/mlink0/out/fx-http.o) to '_vut_rt_bytes_clone_v1'
  text-relocation in '_vut_fn_221'+0x2AC (/Users/runner/work/vut_repo/vut_repo/spikes/mlink0/out/fx-http.o) to '_vut_rt_string_from_utf8_v1'
  text-relocation in '_vut_fn_221'+0x284 (/Users/runner/work/vut_repo/vut_repo/spikes/mlink0/out/fx-http.o) to '_vut_rt_bytes_clone_v1'
  text-relocation in '_vut_fn_221'+0x240 (/Users/runner/work/vut_repo/vut_repo/spikes/mlink0/out/fx-http.o) to '_vut_rt_string_from_utf8_v1'
  text-relocation in '_vut_fn_221'+0x218 (/Users/runner/work/vut_repo/vut_repo/spikes/mlink0/out/fx-http.o) to '_vut_rt_bytes_clone_v1'
  text-relocation in '_vut_fn_221'+0x1E8 (/Users/runner/work/vut_repo/vut_repo/spikes/mlink0/out/fx-http.o) to '_vut_rt_bytes_clone_v1'
  text-relocation in '_vut_fn_221'+0x1B4 (/Users/runner/work/vut_repo/vut_repo/spikes/mlink0/out/fx-http.o) to '_vut_rt_bytes_clone_v1'
  text-relocation in '_vut_fn_221'+0x180 (/Users/runner/work/vut_repo/vut_repo/spikes/mlink0/out/fx-http.o) to '_vut_rt_bytes_clone_v1'
  text-relocation in '_vut_fn_221'+0x150 (/Users/runner/work/vut_repo/vut_repo/spikes/mlink0/out/fx-http.o) to '_vut_rt_bytes_clone_v1'
  text-relocation in '_vut_fn_221'+0x110 (/Users/runner/work/vut_repo/vut_repo/spikes/mlink0/out/fx-http.o) to '_vut_rt_string_from_utf8_v1'
  text-relocation in '_vut_fn_221'+0xE8 (/Users/runner/work/vut_repo/vut_repo/spikes/mlink0/out/fx-http.o) to '_vut_rt_bytes_clone_v1'
  text-relocation in '_vut_fn_221'+0x80 (/Users/runner/work/vut_repo/vut_repo/spikes/mlink0/out/fx-http.o) to '_vut_rt_bytes_clone_v1'
  text-relocation in '_vut_fn_221'+0x5C (/Users/runner/work/vut_repo/vut_repo/spikes/mlink0/out/fx-http.o) to '_vut_rt_bytes_len_v1'
  text-relocation in '_vut_fn_221'+0x38 (/Users/runner/work/vut_repo/vut_repo/spikes/mlink0/out/fx-http.o) to '_vut_rt_bytes_clone_v1'
  text-relocation in '_vut_fn_222'+0x174 (/Users/runner/work/vut_repo/vut_repo/spikes/mlink0/out/fx-http.o) to '_vut_rt_bytes_release_v1'
  text-relocation in '_vut_fn_222'+0x140 (/Users/runner/work/vut_repo/vut_repo/spikes/mlink0/out/fx-http.o) to '_vut_rt_list_new_v1'
  text-relocation in '_vut_fn_222'+0x98 (/Users/runner/work/vut_repo/vut_repo/spikes/mlink0/out/fx-http.o) to '_vut_rt_list_new_v1'
  text-relocation in '_vut_fn_222'+0x54 (/Users/runner/work/vut_repo/vut_repo/spikes/mlink0/out/fx-http.o) to '_vut_rt_bytes_clone_v1'
  text-relocation in '_vut_fn_222'+0x2C (/Users/runner/work/vut_repo/vut_repo/spikes/mlink0/out/fx-http.o) to '_vut_rt_bytes_clone_v1'
  text-relocation in '_vut_fn_223'+0x4A8 (/Users/runner/work/vut_repo/vut_repo/spikes/mlink0/out/fx-http.o) to '_vut_rt_bytes_release_v1'
  text-relocation in '_vut_fn_223'+0x490 (/Users/runner/work/vut_repo/vut_repo/spikes/mlink0/out/fx-http.o) to '_vut_rt_list_release_v1'
  text-relocation in '_vut_fn_223'+0x47C (/Users/runner/work/vut_repo/vut_repo/spikes/mlink0/out/fx-http.o) to '_vut_rt_release_string_v1'
  text-relocation in '_vut_fn_223'+0x460 (/Users/runner/work/vut_repo/vut_repo/spikes/mlink0/out/fx-http.o) to '_vut_rt_list_release_v1'
  text-relocation in '_vut_fn_223'+0x444 (/Users/runner/work/vut_repo/vut_repo/spikes/mlink0/out/fx-http.o) to '_vut_rt_map_release_v1'
  text-relocation in '_vut_fn_223'+0x3B8 (/Users/runner/work/vut_repo/vut_repo/spikes/mlink0/out/fx-http.o) to '_vut_rt_release_string_v1'
  text-relocation in '_vut_fn_223'+0x398 (/Users/runner/work/vut_repo/vut_repo/spikes/mlink0/out/fx-http.o) to '_vut_rt_list_release_v1'
  text-relocation in '_vut_fn_223'+0x378 (/Users/runner/work/vut_repo/vut_repo/spikes/mlink0/out/fx-http.o) to '_vut_rt_map_release_v1'
  text-relocation in '_vut_fn_223'+0x324 (/Users/runner/work/vut_repo/vut_repo/spikes/mlink0/out/fx-http.o) to '_vut_rt_retain_string_v1'
  text-relocation in '_vut_fn_223'+0x308 (/Users/runner/work/vut_repo/vut_repo/spikes/mlink0/out/fx-http.o) to '_vut_rt_list_retain_v1'
  text-relocation in '_vut_fn_223'+0x2EC (/Users/runner/work/vut_repo/vut_repo/spikes/mlink0/out/fx-http.o) to '_vut_rt_map_retain_v1'
  text-relocation in '_vut_fn_223'+0x29C (/Users/runner/work/vut_repo/vut_repo/spikes/mlink0/out/fx-http.o) to '_vut_rt_retain_string_v1'
  text-relocation in '_vut_fn_223'+0x280 (/Users/runner/work/vut_repo/vut_repo/spikes/mlink0/out/fx-http.o) to '_vut_rt_list_retain_v1'
  text-relocation in '_vut_fn_223'+0x264 (/Users/runner/work/vut_repo/vut_repo/spikes/mlink0/out/fx-http.o) to '_vut_rt_map_retain_v1'
  text-relocation in '_vut_fn_223'+0x214 (/Users/runner/work/vut_repo/vut_repo/spikes/mlink0/out/fx-http.o) to '_vut_rt_list_retain_v1'
  text-relocation in '_vut_fn_223'+0x200 (/Users/runner/work/vut_repo/vut_repo/spikes/mlink0/out/fx-http.o) to '_vut_rt_release_string_v1'
  text-relocation in '_vut_fn_223'+0x1E4 (/Users/runner/work/vut_repo/vut_repo/spikes/mlink0/out/fx-http.o) to '_vut_rt_list_release_v1'
  text-relocation in '_vut_fn_223'+0x1C8 (/Users/runner/work/vut_repo/vut_repo/spikes/mlink0/out/fx-http.o) to '_vut_rt_map_release_v1'
  text-relocation in '_vut_fn_223'+0x178 (/Users/runner/work/vut_repo/vut_repo/spikes/mlink0/out/fx-http.o) to '_vut_rt_retain_string_v1'
  text-relocation in '_vut_fn_223'+0x15C (/Users/runner/work/vut_repo/vut_repo/spikes/mlink0/out/fx-http.o) to '_vut_rt_list_retain_v1'
  text-relocation in '_vut_fn_223'+0x140 (/Users/runner/work/vut_repo/vut_repo/spikes/mlink0/out/fx-http.o) to '_vut_rt_map_retain_v1'
  text-relocation in '_vut_fn_223'+0xEC (/Users/runner/work/vut_repo/vut_repo/spikes/mlink0/out/fx-http.o) to '_vut_rt_bytes_clone_v1'
  text-relocation in '_vut_fn_223'+0xCC (/Users/runner/work/vut_repo/vut_repo/spikes/mlink0/out/fx-http.o) to '_vut_rt_release_string_v1'
  text-relocation in '_vut_fn_223'+0x88 (/Users/runner/work/vut_repo/vut_repo/spikes/mlink0/out/fx-http.o) to '_vut_rt_retain_string_v1'
  text-relocation in '_vut_fn_223'+0x3C (/Users/runner/work/vut_repo/vut_repo/spikes/mlink0/out/fx-http.o) to '_vut_rt_bytes_clone_v1'
  text-relocation in '_vut_fn_224'+0xB0 (/Users/runner/work/vut_repo/vut_repo/spikes/mlink0/out/fx-http.o) to '_vut_rt_release_string_v1'
  text-relocation in '_vut_fn_224'+0x90 (/Users/runner/work/vut_repo/vut_repo/spikes/mlink0/out/fx-http.o) to '_vut_rt_list_release_v1'
  text-relocation in '_vut_fn_224'+0x70 (/Users/runner/work/vut_repo/vut_repo/spikes/mlink0/out/fx-http.o) to '_vut_rt_map_release_v1'
  text-relocation in '_vut_fn_224'+0x18 (/Users/runner/work/vut_repo/vut_repo/spikes/mlink0/out/fx-http.o) to '_vut_rt_list_push_v1'
  text-relocation in '_vut_fn_225'+0x1E4 (/Users/runner/work/vut_repo/vut_repo/spikes/mlink0/out/fx-http.o) to '_vut_rt_bytes_release_v1'
  text-relocation in '_vut_fn_225'+0x1CC (/Users/runner/work/vut_repo/vut_repo/spikes/mlink0/out/fx-http.o) to '_vut_rt_list_release_v1'
  text-relocation in '_vut_fn_225'+0x198 (/Users/runner/work/vut_repo/vut_repo/spikes/mlink0/out/fx-http.o) to '_vut_rt_list_retain_v1'
  text-relocation in '_vut_fn_225'+0x174 (/Users/runner/work/vut_repo/vut_repo/spikes/mlink0/out/fx-http.o) to '_vut_rt_bytes_clone_v1'
  text-relocation in '_vut_fn_225'+0x158 (/Users/runner/work/vut_repo/vut_repo/spikes/mlink0/out/fx-http.o) to '_vut_rt_bytes_clone_v1'
  text-relocation in '_vut_fn_225'+0x114 (/Users/runner/work/vut_repo/vut_repo/spikes/mlink0/out/fx-http.o) to '_vut_rt_list_retain_v1'
  text-relocation in '_vut_fn_225'+0xD4 (/Users/runner/work/vut_repo/vut_repo/spikes/mlink0/out/fx-http.o) to '_vut_rt_string_from_utf8_v1'
  text-relocation in '_vut_fn_225'+0xAC (/Users/runner/work/vut_repo/vut_repo/spikes/mlink0/out/fx-http.o) to '_vut_rt_bytes_clone_v1'
  text-relocation in '_vut_fn_225'+0x84 (/Users/runner/work/vut_repo/vut_repo/spikes/mlink0/out/fx-http.o) to '_vut_rt_bytes_clone_v1'
  text-relocation in '_vut_fn_225'+0x5C (/Users/runner/work/vut_repo/vut_repo/spikes/mlink0/out/fx-http.o) to '_vut_rt_bytes_clone_v1'
  text-relocation in '_vut_fn_225'+0x38 (/Users/runner/work/vut_repo/vut_repo/spikes/mlink0/out/fx-http.o) to '_vut_rt_bytes_clone_v1'
  text-relocation in '_vut_fn_226'+0x430 (/Users/runner/work/vut_repo/vut_repo/spikes/mlink0/out/fx-http.o) to '_vut_rt_bytes_release_v1'
  text-relocation in '_vut_fn_226'+0x41C (/Users/runner/work/vut_repo/vut_repo/spikes/mlink0/out/fx-http.o) to '_vut_rt_release_string_v1'
  text-relocation in '_vut_fn_226'+0x400 (/Users/runner/work/vut_repo/vut_repo/spikes/mlink0/out/fx-http.o) to '_vut_rt_list_release_v1'
  text-relocation in '_vut_fn_226'+0x3E4 (/Users/runner/work/vut_repo/vut_repo/spikes/mlink0/out/fx-http.o) to '_vut_rt_map_release_v1'
  text-relocation in '_vut_fn_226'+0x378 (/Users/runner/work/vut_repo/vut_repo/spikes/mlink0/out/fx-http.o) to '_vut_rt_bytes_clone_v1'
  text-relocation in '_vut_fn_226'+0x364 (/Users/runner/work/vut_repo/vut_repo/spikes/mlink0/out/fx-http.o) to '_vut_rt_release_string_v1'
  text-relocation in '_vut_fn_226'+0x348 (/Users/runner/work/vut_repo/vut_repo/spikes/mlink0/out/fx-http.o) to '_vut_rt_list_release_v1'
  text-relocation in '_vut_fn_226'+0x32C (/Users/runner/work/vut_repo/vut_repo/spikes/mlink0/out/fx-http.o) to '_vut_rt_map_release_v1'
  text-relocation in '_vut_fn_226'+0x2DC (/Users/runner/work/vut_repo/vut_repo/spikes/mlink0/out/fx-http.o) to '_vut_rt_retain_string_v1'
  text-relocation in '_vut_fn_226'+0x2C0 (/Users/runner/work/vut_repo/vut_repo/spikes/mlink0/out/fx-http.o) to '_vut_rt_list_retain_v1'
  text-relocation in '_vut_fn_226'+0x2A4 (/Users/runner/work/vut_repo/vut_repo/spikes/mlink0/out/fx-http.o) to '_vut_rt_map_retain_v1'
  text-relocation in '_vut_fn_226'+0x258 (/Users/runner/work/vut_repo/vut_repo/spikes/mlink0/out/fx-http.o) to '_vut_rt_release_string_v1'
  text-relocation in '_vut_fn_226'+0x23C (/Users/runner/work/vut_repo/vut_repo/spikes/mlink0/out/fx-http.o) to '_vut_rt_list_release_v1'
  text-relocation in '_vut_fn_226'+0x220 (/Users/runner/work/vut_repo/vut_repo/spikes/mlink0/out/fx-http.o) to '_vut_rt_map_release_v1'
  text-relocation in '_vut_fn_226'+0x1D4 (/Users/runner/work/vut_repo/vut_repo/spikes/mlink0/out/fx-http.o) to '_vut_rt_retain_string_v1'
  text-relocation in '_vut_fn_226'+0x1B8 (/Users/runner/work/vut_repo/vut_repo/spikes/mlink0/out/fx-http.o) to '_vut_rt_list_retain_v1'
  text-relocation in '_vut_fn_226'+0x19C (/Users/runner/work/vut_repo/vut_repo/spikes/mlink0/out/fx-http.o) to '_vut_rt_map_retain_v1'
  text-relocation in '_vut_fn_226'+0x14C (/Users/runner/work/vut_repo/vut_repo/spikes/mlink0/out/fx-http.o) to '_vut_rt_retain_string_v1'
  text-relocation in '_vut_fn_226'+0x130 (/Users/runner/work/vut_repo/vut_repo/spikes/mlink0/out/fx-http.o) to '_vut_rt_list_retain_v1'
  text-relocation in '_vut_fn_226'+0x114 (/Users/runner/work/vut_repo/vut_repo/spikes/mlink0/out/fx-http.o) to '_vut_rt_map_retain_v1'
  text-relocation in '_vut_fn_226'+0xBC (/Users/runner/work/vut_repo/vut_repo/spikes/mlink0/out/fx-http.o) to '_vut_rt_release_string_v1'
  text-relocation in '_vut_fn_226'+0x78 (/Users/runner/work/vut_repo/vut_repo/spikes/mlink0/out/fx-http.o) to '_vut_rt_retain_string_v1'
  text-relocation in '_vut_fn_226'+0x34 (/Users/runner/work/vut_repo/vut_repo/spikes/mlink0/out/fx-http.o) to '_vut_rt_bytes_clone_v1'
  text-relocation in '_vut_fn_227'+0x19C (/Users/runner/work/vut_repo/vut_repo/spikes/mlink0/out/fx-http.o) to '_vut_rt_bytes_release_v1'
  text-relocation in '_vut_fn_227'+0x184 (/Users/runner/work/vut_repo/vut_repo/spikes/mlink0/out/fx-http.o) to '_vut_rt_release_string_v1'
  text-relocation in '_vut_fn_227'+0x144 (/Users/runner/work/vut_repo/vut_repo/spikes/mlink0/out/fx-http.o) to '_vut_rt_retain_string_v1'
  text-relocation in '_vut_fn_227'+0xE8 (/Users/runner/work/vut_repo/vut_repo/spikes/mlink0/out/fx-http.o) to '_vut_rt_string_from_utf8_v1'
  text-relocation in '_vut_fn_227'+0xC0 (/Users/runner/work/vut_repo/vut_repo/spikes/mlink0/out/fx-http.o) to '_vut_rt_bytes_clone_v1'
  text-relocation in '_vut_fn_227'+0xAC (/Users/runner/work/vut_repo/vut_repo/spikes/mlink0/out/fx-http.o) to '_vut_rt_release_string_v1'
  text-relocation in '_vut_fn_227'+0x90 (/Users/runner/work/vut_repo/vut_repo/spikes/mlink0/out/fx-http.o) to '_vut_rt_list_release_v1'
  text-relocation in '_vut_fn_227'+0x74 (/Users/runner/work/vut_repo/vut_repo/spikes/mlink0/out/fx-http.o) to '_vut_rt_map_release_v1'
  text-relocation in '_vut_fn_228'+0x18C (/Users/runner/work/vut_repo/vut_repo/spikes/mlink0/out/fx-http.o) to '_vut_rt_bytes_release_v1'
  text-relocation in '_vut_fn_228'+0x158 (/Users/runner/work/vut_repo/vut_repo/spikes/mlink0/out/fx-http.o) to '_vut_rt_map_new_v1'
  text-relocation in '_vut_fn_228'+0xA4 (/Users/runner/work/vut_repo/vut_repo/spikes/mlink0/out/fx-http.o) to '_vut_rt_map_new_v1'
  text-relocation in '_vut_fn_228'+0x54 (/Users/runner/work/vut_repo/vut_repo/spikes/mlink0/out/fx-http.o) to '_vut_rt_bytes_clone_v1'
  text-relocation in '_vut_fn_228'+0x2C (/Users/runner/work/vut_repo/vut_repo/spikes/mlink0/out/fx-http.o) to '_vut_rt_bytes_clone_v1'
  text-relocation in '_vut_fn_229'+0x230 (/Users/runner/work/vut_repo/vut_repo/spikes/mlink0/out/fx-http.o) to '_vut_rt_bytes_release_v1'
  text-relocation in '_vut_fn_229'+0x218 (/Users/runner/work/vut_repo/vut_repo/spikes/mlink0/out/fx-http.o) to '_vut_rt_map_release_v1'
  text-relocation in '_vut_fn_229'+0x204 (/Users/runner/work/vut_repo/vut_repo/spikes/mlink0/out/fx-http.o) to '_vut_rt_release_string_v1'
  text-relocation in '_vut_fn_229'+0x1CC (/Users/runner/work/vut_repo/vut_repo/spikes/mlink0/out/fx-http.o) to '_vut_rt_release_string_v1'
  text-relocation in '_vut_fn_229'+0x1B0 (/Users/runner/work/vut_repo/vut_repo/spikes/mlink0/out/fx-http.o) to '_vut_rt_retain_string_v1'
  text-relocation in '_vut_fn_229'+0x198 (/Users/runner/work/vut_repo/vut_repo/spikes/mlink0/out/fx-http.o) to '_vut_rt_retain_string_v1'
  text-relocation in '_vut_fn_229'+0x17C (/Users/runner/work/vut_repo/vut_repo/spikes/mlink0/out/fx-http.o) to '_vut_rt_map_retain_v1'
  text-relocation in '_vut_fn_229'+0x158 (/Users/runner/work/vut_repo/vut_repo/spikes/mlink0/out/fx-http.o) to '_vut_rt_release_string_v1'
  text-relocation in '_vut_fn_229'+0x13C (/Users/runner/work/vut_repo/vut_repo/spikes/mlink0/out/fx-http.o) to '_vut_rt_retain_string_v1'
  text-relocation in '_vut_fn_229'+0x11C (/Users/runner/work/vut_repo/vut_repo/spikes/mlink0/out/fx-http.o) to '_vut_rt_bytes_clone_v1'
  text-relocation in '_vut_fn_229'+0x100 (/Users/runner/work/vut_repo/vut_repo/spikes/mlink0/out/fx-http.o) to '_vut_rt_bytes_clone_v1'
  text-relocation in '_vut_fn_229'+0xE8 (/Users/runner/work/vut_repo/vut_repo/spikes/mlink0/out/fx-http.o) to '_vut_rt_release_string_v1'
  text-relocation in '_vut_fn_229'+0xA4 (/Users/runner/work/vut_repo/vut_repo/spikes/mlink0/out/fx-http.o) to '_vut_rt_retain_string_v1'
  text-relocation in '_vut_fn_229'+0x58 (/Users/runner/work/vut_repo/vut_repo/spikes/mlink0/out/fx-http.o) to '_vut_rt_bytes_clone_v1'
  text-relocation in '_vut_fn_229'+0x3C (/Users/runner/work/vut_repo/vut_repo/spikes/mlink0/out/fx-http.o) to '_vut_rt_bytes_clone_v1'
  text-relocation in '_vut_fn_230'+0xD0 (/Users/runner/work/vut_repo/vut_repo/spikes/mlink0/out/fx-http.o) to '_vut_rt_release_string_v1'
  text-relocation in '_vut_fn_230'+0xBC (/Users/runner/work/vut_repo/vut_repo/spikes/mlink0/out/fx-http.o) to '_vut_rt_release_string_v1'
  text-relocation in '_vut_fn_230'+0xA0 (/Users/runner/work/vut_repo/vut_repo/spikes/mlink0/out/fx-http.o) to '_vut_rt_list_release_v1'
  text-relocation in '_vut_fn_230'+0x84 (/Users/runner/work/vut_repo/vut_repo/spikes/mlink0/out/fx-http.o) to '_vut_rt_map_release_v1'
  text-relocation in '_vut_fn_230'+0x30 (/Users/runner/work/vut_repo/vut_repo/spikes/mlink0/out/fx-http.o) to '_vut_rt_map_set_v1'
  text-relocation in '_vut_fn_231'+0x644 (/Users/runner/work/vut_repo/vut_repo/spikes/mlink0/out/fx-http.o) to '_vut_rt_bytes_release_v1'
  text-relocation in '_vut_fn_231'+0x62C (/Users/runner/work/vut_repo/vut_repo/spikes/mlink0/out/fx-http.o) to '_vut_rt_map_release_v1'
  text-relocation in '_vut_fn_231'+0x614 (/Users/runner/work/vut_repo/vut_repo/spikes/mlink0/out/fx-http.o) to '_vut_rt_release_string_v1'
  text-relocation in '_vut_fn_231'+0x5DC (/Users/runner/work/vut_repo/vut_repo/spikes/mlink0/out/fx-http.o) to '_vut_rt_string_from_utf8_v1'
  text-relocation in '_vut_fn_231'+0x5B4 (/Users/runner/work/vut_repo/vut_repo/spikes/mlink0/out/fx-http.o) to '_vut_rt_bytes_clone_v1'
  text-relocation in '_vut_fn_231'+0x530 (/Users/runner/work/vut_repo/vut_repo/spikes/mlink0/out/fx-http.o) to '_vut_rt_bytes_release_v1'
  text-relocation in '_vut_fn_231'+0x518 (/Users/runner/work/vut_repo/vut_repo/spikes/mlink0/out/fx-http.o) to '_vut_rt_map_release_v1'
  text-relocation in '_vut_fn_231'+0x500 (/Users/runner/work/vut_repo/vut_repo/spikes/mlink0/out/fx-http.o) to '_vut_rt_release_string_v1'
  text-relocation in '_vut_fn_231'+0x4EC (/Users/runner/work/vut_repo/vut_repo/spikes/mlink0/out/fx-http.o) to '_vut_rt_release_string_v1'
  text-relocation in '_vut_fn_231'+0x4D0 (/Users/runner/work/vut_repo/vut_repo/spikes/mlink0/out/fx-http.o) to '_vut_rt_list_release_v1'
  text-relocation in '_vut_fn_231'+0x4B4 (/Users/runner/work/vut_repo/vut_repo/spikes/mlink0/out/fx-http.o) to '_vut_rt_map_release_v1'
  text-relocation in '_vut_fn_231'+0x424 (/Users/runner/work/vut_repo/vut_repo/spikes/mlink0/out/fx-http.o) to '_vut_rt_release_string_v1'
  text-relocation in '_vut_fn_231'+0x404 (/Users/runner/work/vut_repo/vut_repo/spikes/mlink0/out/fx-http.o) to '_vut_rt_list_release_v1'
  text-relocation in '_vut_fn_231'+0x3E4 (/Users/runner/work/vut_repo/vut_repo/spikes/mlink0/out/fx-http.o) to '_vut_rt_map_release_v1'
  text-relocation in '_vut_fn_231'+0x390 (/Users/runner/work/vut_repo/vut_repo/spikes/mlink0/out/fx-http.o) to '_vut_rt_retain_string_v1'
  text-relocation in '_vut_fn_231'+0x374 (/Users/runner/work/vut_repo/vut_repo/spikes/mlink0/out/fx-http.o) to '_vut_rt_list_retain_v1'
  text-relocation in '_vut_fn_231'+0x358 (/Users/runner/work/vut_repo/vut_repo/spikes/mlink0/out/fx-http.o) to '_vut_rt_map_retain_v1'
  text-relocation in '_vut_fn_231'+0x308 (/Users/runner/work/vut_repo/vut_repo/spikes/mlink0/out/fx-http.o) to '_vut_rt_retain_string_v1'
  text-relocation in '_vut_fn_231'+0x2EC (/Users/runner/work/vut_repo/vut_repo/spikes/mlink0/out/fx-http.o) to '_vut_rt_list_retain_v1'
  text-relocation in '_vut_fn_231'+0x2D0 (/Users/runner/work/vut_repo/vut_repo/spikes/mlink0/out/fx-http.o) to '_vut_rt_map_retain_v1'
  text-relocation in '_vut_fn_231'+0x280 (/Users/runner/work/vut_repo/vut_repo/spikes/mlink0/out/fx-http.o) to '_vut_rt_retain_string_v1'
  text-relocation in '_vut_fn_231'+0x268 (/Users/runner/work/vut_repo/vut_repo/spikes/mlink0/out/fx-http.o) to '_vut_rt_map_retain_v1'
  text-relocation in '_vut_fn_231'+0x254 (/Users/runner/work/vut_repo/vut_repo/spikes/mlink0/out/fx-http.o) to '_vut_rt_release_string_v1'
  text-relocation in '_vut_fn_231'+0x238 (/Users/runner/work/vut_repo/vut_repo/spikes/mlink0/out/fx-http.o) to '_vut_rt_list_release_v1'
  text-relocation in '_vut_fn_231'+0x21C (/Users/runner/work/vut_repo/vut_repo/spikes/mlink0/out/fx-http.o) to '_vut_rt_map_release_v1'
  text-relocation in '_vut_fn_231'+0x1CC (/Users/runner/work/vut_repo/vut_repo/spikes/mlink0/out/fx-http.o) to '_vut_rt_retain_string_v1'
  text-relocation in '_vut_fn_231'+0x1B0 (/Users/runner/work/vut_repo/vut_repo/spikes/mlink0/out/fx-http.o) to '_vut_rt_list_retain_v1'
  text-relocation in '_vut_fn_231'+0x194 (/Users/runner/work/vut_repo/vut_repo/spikes/mlink0/out/fx-http.o) to '_vut_rt_map_retain_v1'
  text-relocation in '_vut_fn_231'+0x140 (/Users/runner/work/vut_repo/vut_repo/spikes/mlink0/out/fx-http.o) to '_vut_rt_bytes_clone_v1'
  text-relocation in '_vut_fn_231'+0x120 (/Users/runner/work/vut_repo/vut_repo/spikes/mlink0/out/fx-http.o) to '_vut_rt_release_string_v1'
  text-relocation in '_vut_fn_231'+0xDC (/Users/runner/work/vut_repo/vut_repo/spikes/mlink0/out/fx-http.o) to '_vut_rt_retain_string_v1'
  text-relocation in '_vut_fn_231'+0x84 (/Users/runner/work/vut_repo/vut_repo/spikes/mlink0/out/fx-http.o) to '_vut_rt_bytes_clone_v1'
  text-relocation in '_vut_fn_231'+0x68 (/Users/runner/work/vut_repo/vut_repo/spikes/mlink0/out/fx-http.o) to '_vut_rt_bytes_clone_v1'
  text-relocation in '_vut_fn_231'+0x40 (/Users/runner/work/vut_repo/vut_repo/spikes/mlink0/out/fx-http.o) to '_vut_rt_bytes_clone_v1'
  text-relocation in '_vut_fn_232'+0x1D0 (/Users/runner/work/vut_repo/vut_repo/spikes/mlink0/out/fx-http.o) to '_vut_rt_bytes_release_v1'
  text-relocation in '_vut_fn_232'+0x1B8 (/Users/runner/work/vut_repo/vut_repo/spikes/mlink0/out/fx-http.o) to '_vut_rt_map_release_v1'
  text-relocation in '_vut_fn_232'+0x184 (/Users/runner/work/vut_repo/vut_repo/spikes/mlink0/out/fx-http.o) to '_vut_rt_map_retain_v1'
  text-relocation in '_vut_fn_232'+0x160 (/Users/runner/work/vut_repo/vut_repo/spikes/mlink0/out/fx-http.o) to '_vut_rt_bytes_clone_v1'
  text-relocation in '_vut_fn_232'+0x118 (/Users/runner/work/vut_repo/vut_repo/spikes/mlink0/out/fx-http.o) to '_vut_rt_map_retain_v1'
  text-relocation in '_vut_fn_232'+0xD4 (/Users/runner/work/vut_repo/vut_repo/spikes/mlink0/out/fx-http.o) to '_vut_rt_string_from_utf8_v1'
  text-relocation in '_vut_fn_232'+0xAC (/Users/runner/work/vut_repo/vut_repo/spikes/mlink0/out/fx-http.o) to '_vut_rt_bytes_clone_v1'
  text-relocation in '_vut_fn_232'+0x84 (/Users/runner/work/vut_repo/vut_repo/spikes/mlink0/out/fx-http.o) to '_vut_rt_bytes_clone_v1'
  text-relocation in '_vut_fn_232'+0x5C (/Users/runner/work/vut_repo/vut_repo/spikes/mlink0/out/fx-http.o) to '_vut_rt_bytes_clone_v1'
  text-relocation in '_vut_fn_232'+0x38 (/Users/runner/work/vut_repo/vut_repo/spikes/mlink0/out/fx-http.o) to '_vut_rt_bytes_clone_v1'
  text-relocation in '_vut_fn_233'+0x44 (/Users/runner/work/vut_repo/vut_repo/spikes/mlink0/out/fx-http.o) to '_vut_rt_release_string_v1'
  text-relocation in '_vut_fn_233'+0x20 (/Users/runner/work/vut_repo/vut_repo/spikes/mlink0/out/fx-http.o) to '_vut_rt_string_to_bytes_v1'
  text-relocation in '_vut_fn_234'+0x168 (/Users/runner/work/vut_repo/vut_repo/spikes/mlink0/out/fx-http.o) to '_vut_rt_bytes_release_v1'
  text-relocation in '_vut_fn_234'+0x150 (/Users/runner/work/vut_repo/vut_repo/spikes/mlink0/out/fx-http.o) to '_vut_rt_release_string_v1'
  text-relocation in '_vut_fn_234'+0x128 (/Users/runner/work/vut_repo/vut_repo/spikes/mlink0/out/fx-http.o) to '_vut_rt_bytes_clone_v1'
  text-relocation in '_vut_fn_234'+0xC8 (/Users/runner/work/vut_repo/vut_repo/spikes/mlink0/out/fx-http.o) to '_vut_rt_string_from_utf8_v1'
  text-relocation in '_vut_fn_234'+0x60 (/Users/runner/work/vut_repo/vut_repo/spikes/mlink0/out/fx-http.o) to '_vut_rt_bytes_utf8_error_len_v1'
  text-relocation in '_vut_fn_234'+0x44 (/Users/runner/work/vut_repo/vut_repo/spikes/mlink0/out/fx-http.o) to '_vut_rt_bytes_utf8_valid_up_to_v1'
  text-relocation in '_vut_fn_234'+0x24 (/Users/runner/work/vut_repo/vut_repo/spikes/mlink0/out/fx-http.o) to '_vut_rt_bytes_to_str_v1'
  text-relocation in '_vut_fn_235'+0x210 (/Users/runner/work/vut_repo/vut_repo/spikes/mlink0/out/fx-http.o) to '_vut_rt_bytes_release_v1'
  text-relocation in '_vut_fn_235'+0x1FC (/Users/runner/work/vut_repo/vut_repo/spikes/mlink0/out/fx-http.o) to '_vut_rt_release_string_v1'
  text-relocation in '_vut_fn_235'+0x1E0 (/Users/runner/work/vut_repo/vut_repo/spikes/mlink0/out/fx-http.o) to '_vut_rt_list_release_v1'
  text-relocation in '_vut_fn_235'+0x1C4 (/Users/runner/work/vut_repo/vut_repo/spikes/mlink0/out/fx-http.o) to '_vut_rt_map_release_v1'
  text-relocation in '_vut_fn_235'+0x164 (/Users/runner/work/vut_repo/vut_repo/spikes/mlink0/out/fx-http.o) to '_vut_rt_retain_string_v1'
  text-relocation in '_vut_fn_235'+0x148 (/Users/runner/work/vut_repo/vut_repo/spikes/mlink0/out/fx-http.o) to '_vut_rt_list_retain_v1'
  text-relocation in '_vut_fn_235'+0x12C (/Users/runner/work/vut_repo/vut_repo/spikes/mlink0/out/fx-http.o) to '_vut_rt_map_retain_v1'
  text-relocation in '_vut_fn_235'+0xD8 (/Users/runner/work/vut_repo/vut_repo/spikes/mlink0/out/fx-http.o) to '_vut_rt_bytes_clone_v1'
  text-relocation in '_vut_fn_235'+0xB8 (/Users/runner/work/vut_repo/vut_repo/spikes/mlink0/out/fx-http.o) to '_vut_rt_release_string_v1'
  text-relocation in '_vut_fn_235'+0x74 (/Users/runner/work/vut_repo/vut_repo/spikes/mlink0/out/fx-http.o) to '_vut_rt_retain_string_v1'
  text-relocation in '_vut_fn_235'+0x2C (/Users/runner/work/vut_repo/vut_repo/spikes/mlink0/out/fx-http.o) to '_vut_rt_bytes_clone_v1'
  text-relocation in '_vut_fn_236'+0x508 (/Users/runner/work/vut_repo/vut_repo/spikes/mlink0/out/fx-http.o) to '_vut_rt_bytes_release_v1'
  text-relocation in '_vut_fn_236'+0x4F4 (/Users/runner/work/vut_repo/vut_repo/spikes/mlink0/out/fx-http.o) to '_vut_rt_release_string_v1'
  text-relocation in '_vut_fn_236'+0x4D8 (/Users/runner/work/vut_repo/vut_repo/spikes/mlink0/out/fx-http.o) to '_vut_rt_list_release_v1'
  text-relocation in '_vut_fn_236'+0x4BC (/Users/runner/work/vut_repo/vut_repo/spikes/mlink0/out/fx-http.o) to '_vut_rt_map_release_v1'
  text-relocation in '_vut_fn_236'+0x464 (/Users/runner/work/vut_repo/vut_repo/spikes/mlink0/out/fx-http.o) to '_vut_rt_release_string_v1'
  text-relocation in '_vut_fn_236'+0x448 (/Users/runner/work/vut_repo/vut_repo/spikes/mlink0/out/fx-http.o) to '_vut_rt_list_release_v1'
  text-relocation in '_vut_fn_236'+0x42C (/Users/runner/work/vut_repo/vut_repo/spikes/mlink0/out/fx-http.o) to '_vut_rt_map_release_v1'
  text-relocation in '_vut_fn_236'+0x3E0 (/Users/runner/work/vut_repo/vut_repo/spikes/mlink0/out/fx-http.o) to '_vut_rt_retain_string_v1'
  text-relocation in '_vut_fn_236'+0x3C4 (/Users/runner/work/vut_repo/vut_repo/spikes/mlink0/out/fx-http.o) to '_vut_rt_list_retain_v1'
  text-relocation in '_vut_fn_236'+0x3A8 (/Users/runner/work/vut_repo/vut_repo/spikes/mlink0/out/fx-http.o) to '_vut_rt_map_retain_v1'
  text-relocation in '_vut_fn_236'+0x358 (/Users/runner/work/vut_repo/vut_repo/spikes/mlink0/out/fx-http.o) to '_vut_rt_retain_string_v1'
  text-relocation in '_vut_fn_236'+0x33C (/Users/runner/work/vut_repo/vut_repo/spikes/mlink0/out/fx-http.o) to '_vut_rt_list_retain_v1'
  text-relocation in '_vut_fn_236'+0x320 (/Users/runner/work/vut_repo/vut_repo/spikes/mlink0/out/fx-http.o) to '_vut_rt_map_retain_v1'
  text-relocation in '_vut_fn_236'+0x278 (/Users/runner/work/vut_repo/vut_repo/spikes/mlink0/out/fx-http.o) to '_vut_rt_release_string_v1'
  text-relocation in '_vut_fn_236'+0x25C (/Users/runner/work/vut_repo/vut_repo/spikes/mlink0/out/fx-http.o) to '_vut_rt_list_release_v1'
  text-relocation in '_vut_fn_236'+0x240 (/Users/runner/work/vut_repo/vut_repo/spikes/mlink0/out/fx-http.o) to '_vut_rt_map_release_v1'
  text-relocation in '_vut_fn_236'+0x1D0 (/Users/runner/work/vut_repo/vut_repo/spikes/mlink0/out/fx-http.o) to '_vut_rt_string_from_utf8_v1'
  text-relocation in '_vut_fn_236'+0x1A4 (/Users/runner/work/vut_repo/vut_repo/spikes/mlink0/out/fx-http.o) to '_vut_rt_bytes_len_v1'
  text-relocation in '_vut_fn_236'+0x15C (/Users/runner/work/vut_repo/vut_repo/spikes/mlink0/out/fx-http.o) to '_vut_rt_release_string_v1'
  text-relocation in '_vut_fn_236'+0x138 (/Users/runner/work/vut_repo/vut_repo/spikes/mlink0/out/fx-http.o) to '_vut_rt_list_release_v1'
  text-relocation in '_vut_fn_236'+0x114 (/Users/runner/work/vut_repo/vut_repo/spikes/mlink0/out/fx-http.o) to '_vut_rt_map_release_v1'
  text-relocation in '_vut_fn_236'+0xB8 (/Users/runner/work/vut_repo/vut_repo/spikes/mlink0/out/fx-http.o) to '_vut_rt_retain_string_v1'
  text-relocation in '_vut_fn_236'+0x9C (/Users/runner/work/vut_repo/vut_repo/spikes/mlink0/out/fx-http.o) to '_vut_rt_list_retain_v1'
  text-relocation in '_vut_fn_236'+0x80 (/Users/runner/work/vut_repo/vut_repo/spikes/mlink0/out/fx-http.o) to '_vut_rt_map_retain_v1'
  text-relocation in '_vut_fn_236'+0x2C (/Users/runner/work/vut_repo/vut_repo/spikes/mlink0/out/fx-http.o) to '_vut_rt_bytes_clone_v1'
  text-relocation in '_vut_fn_394'+0x64 (/Users/runner/work/vut_repo/vut_repo/spikes/mlink0/out/fx-http.o) to '_vut_rt_retain_string_v1'
  text-relocation in '_vut_fn_395'+0x64 (/Users/runner/work/vut_repo/vut_repo/spikes/mlink0/out/fx-http.o) to '_vut_rt_list_retain_v1'
  text-relocation in '_vut_fn_396'+0x64 (/Users/runner/work/vut_repo/vut_repo/spikes/mlink0/out/fx-http.o) to '_vut_rt_map_retain_v1'
  text-relocation in '_vut_fn_397'+0x4C (/Users/runner/work/vut_repo/vut_repo/spikes/mlink0/out/fx-http.o) to '_vut_rt_string_from_utf8_v1'
  text-relocation in '_vut_fn_398'+0x4C (/Users/runner/work/vut_repo/vut_repo/spikes/mlink0/out/fx-http.o) to '_vut_rt_int_to_float_v1'
  text-relocation in '_vut_fn_399'+0x78 (/Users/runner/work/vut_repo/vut_repo/spikes/mlink0/out/fx-http.o) to '_vut_rt_string_char_len_v1'
  text-relocation in '_vut_fn_399'+0x5C (/Users/runner/work/vut_repo/vut_repo/spikes/mlink0/out/fx-http.o) to '_vut_rt_list_len_v1'
  text-relocation in '_vut_fn_399'+0x40 (/Users/runner/work/vut_repo/vut_repo/spikes/mlink0/out/fx-http.o) to '_vut_rt_map_len_v1'
  text-relocation in '_vut_fn_401'+0x5C (/Users/runner/work/vut_repo/vut_repo/spikes/mlink0/out/fx-http.o) to '_vut_rt_release_string_v1'
  text-relocation in '_vut_fn_401'+0x44 (/Users/runner/work/vut_repo/vut_repo/spikes/mlink0/out/fx-http.o) to '_vut_rt_map_contains_key_v1'
  text-relocation in '_vut_fn_402'+0xB0 (/Users/runner/work/vut_repo/vut_repo/spikes/mlink0/out/fx-http.o) to '_vut_rt_release_string_v1'
  text-relocation in '_vut_fn_402'+0x84 (/Users/runner/work/vut_repo/vut_repo/spikes/mlink0/out/fx-http.o) to '_vut_rt_retain_string_v1'
  text-relocation in '_vut_fn_402'+0x6C (/Users/runner/work/vut_repo/vut_repo/spikes/mlink0/out/fx-http.o) to '_vut_rt_map_retain_v1'
  text-relocation in '_vut_fn_237'+0x130 (/Users/runner/work/vut_repo/vut_repo/spikes/mlink0/out/fx-http.o) to '_vut_rt_map_release_v1'
  text-relocation in '_vut_fn_237'+0x118 (/Users/runner/work/vut_repo/vut_repo/spikes/mlink0/out/fx-http.o) to '_vut_rt_release_string_v1'
  text-relocation in '_vut_fn_237'+0xEC (/Users/runner/work/vut_repo/vut_repo/spikes/mlink0/out/fx-http.o) to '_vut_rt_map_get_v1'
  text-relocation in '_vut_fn_237'+0x6C (/Users/runner/work/vut_repo/vut_repo/spikes/mlink0/out/fx-http.o) to '_vut_rt_map_release_v1'
  text-relocation in '_vut_fn_237'+0x30 (/Users/runner/work/vut_repo/vut_repo/spikes/mlink0/out/fx-http.o) to '_vut_rt_map_contains_key_v1'
  text-relocation in '_vut_fn_403'+0x64 (/Users/runner/work/vut_repo/vut_repo/spikes/mlink0/out/fx-http.o) to '_vut_rt_map_keys_v1'
  text-relocation in '_vut_fn_404'+0x6C (/Users/runner/work/vut_repo/vut_repo/spikes/mlink0/out/fx-http.o) to '_vut_rt_list_retain_v1'
  text-relocation in '_vut_fn_238'+0x1B8 (/Users/runner/work/vut_repo/vut_repo/spikes/mlink0/out/fx-http.o) to '_vut_rt_list_release_v1'
  text-relocation in '_vut_fn_238'+0x18C (/Users/runner/work/vut_repo/vut_repo/spikes/mlink0/out/fx-http.o) to '_vut_rt_list_at_v1'
  text-relocation in '_vut_fn_238'+0xB4 (/Users/runner/work/vut_repo/vut_repo/spikes/mlink0/out/fx-http.o) to '_vut_rt_list_release_v1'
  text-relocation in '_vut_fn_238'+0x78 (/Users/runner/work/vut_repo/vut_repo/spikes/mlink0/out/fx-http.o) to '_vut_rt_string_from_utf8_v1'
  text-relocation in '_vut_fn_238'+0x30 (/Users/runner/work/vut_repo/vut_repo/spikes/mlink0/out/fx-http.o) to '_vut_rt_list_len_v1'
  text-relocation in '_vut_fn_405'+0x9C (/Users/runner/work/vut_repo/vut_repo/spikes/mlink0/out/fx-http.o) to '_vut_rt_retain_string_v1'
  text-relocation in '_vut_fn_405'+0x7C (/Users/runner/work/vut_repo/vut_repo/spikes/mlink0/out/fx-http.o) to '_vut_rt_list_retain_v1'
  text-relocation in '_vut_fn_405'+0x5C (/Users/runner/work/vut_repo/vut_repo/spikes/mlink0/out/fx-http.o) to '_vut_rt_map_retain_v1'
  text-relocation in '_vut_fn_246'+0x70 (/Users/runner/work/vut_repo/vut_repo/spikes/mlink0/out/fx-http.o) to '_vut_rt_interface_release'
  text-relocation in '_vut_fn_246'+0x38 (/Users/runner/work/vut_repo/vut_repo/spikes/mlink0/out/fx-http.o) to '_vut_rt_interface_vtable'
  text-relocation in '_vut_fn_246'+0x20 (/Users/runner/work/vut_repo/vut_repo/spikes/mlink0/out/fx-http.o) to '_vut_rt_interface_data'
  text-relocation in '_vut_fn_247'+0x70 (/Users/runner/work/vut_repo/vut_repo/spikes/mlink0/out/fx-http.o) to '_vut_rt_interface_release'
  text-relocation in '_vut_fn_247'+0x38 (/Users/runner/work/vut_repo/vut_repo/spikes/mlink0/out/fx-http.o) to '_vut_rt_interface_vtable'
  text-relocation in '_vut_fn_247'+0x20 (/Users/runner/work/vut_repo/vut_repo/spikes/mlink0/out/fx-http.o) to '_vut_rt_interface_data'
  text-relocation in '_vut_fn_253'+0x1AC (/Users/runner/work/vut_repo/vut_repo/spikes/mlink0/out/fx-http.o) to '_vut_rt_string_from_utf8_v1'
  text-relocation in '_vut_fn_253'+0x138 (/Users/runner/work/vut_repo/vut_repo/spikes/mlink0/out/fx-http.o) to '_vut_rt_release_string_v1'
  text-relocation in '_vut_fn_253'+0x114 (/Users/runner/work/vut_repo/vut_repo/spikes/mlink0/out/fx-http.o) to '_vut_rt_retain_string_v1'
  text-relocation in '_vut_fn_253'+0xF0 (/Users/runner/work/vut_repo/vut_repo/spikes/mlink0/out/fx-http.o) to '_vut_rt_list_release_v1'
  text-relocation in '_vut_fn_253'+0xC0 (/Users/runner/work/vut_repo/vut_repo/spikes/mlink0/out/fx-http.o) to '_vut_rt_list_retain_v1'
  text-relocation in '_vut_fn_253'+0x9C (/Users/runner/work/vut_repo/vut_repo/spikes/mlink0/out/fx-http.o) to '_vut_rt_map_release_v1'
  text-relocation in '_vut_fn_253'+0x6C (/Users/runner/work/vut_repo/vut_repo/spikes/mlink0/out/fx-http.o) to '_vut_rt_map_retain_v1'
  text-relocation in '_vut_fn_254'+0x4C (/Users/runner/work/vut_repo/vut_repo/spikes/mlink0/out/fx-http.o) to '_vut_rt_string_from_utf8_v1'
  text-relocation in '_vut_fn_254'+0x24 (/Users/runner/work/vut_repo/vut_repo/spikes/mlink0/out/fx-http.o) to '_vut_rt_string_from_utf8_v1'
  text-relocation in '_vut_fn_255'+0x54 (/Users/runner/work/vut_repo/vut_repo/spikes/mlink0/out/fx-http.o) to '_vut_rt_format_i64_v1'
  text-relocation in '_vut_fn_255'+0x38 (/Users/runner/work/vut_repo/vut_repo/spikes/mlink0/out/fx-http.o) to '_vut_rt_format_f64_v1'
  text-relocation in '_vut_fn_256'+0x88 (/Users/runner/work/vut_repo/vut_repo/spikes/mlink0/out/fx-http.o) to '_vut_rt_release_string_v1'
  text-relocation in '_vut_fn_256'+0x70 (/Users/runner/work/vut_repo/vut_repo/spikes/mlink0/out/fx-http.o) to '_vut_rt_release_string_v1'
  text-relocation in '_vut_fn_256'+0x50 (/Users/runner/work/vut_repo/vut_repo/spikes/mlink0/out/fx-http.o) to '_vut_rt_concat_v1'
  text-relocation in '_vut_fn_256'+0x24 (/Users/runner/work/vut_repo/vut_repo/spikes/mlink0/out/fx-http.o) to '_vut_rt_char_from_code_v1'
  text-relocation in '_vut_fn_257'+0x620 (/Users/runner/work/vut_repo/vut_repo/spikes/mlink0/out/fx-http.o) to '_vut_rt_release_string_v1'
  text-relocation in '_vut_fn_257'+0x604 (/Users/runner/work/vut_repo/vut_repo/spikes/mlink0/out/fx-http.o) to '_vut_rt_list_release_v1'
  text-relocation in '_vut_fn_257'+0x5E8 (/Users/runner/work/vut_repo/vut_repo/spikes/mlink0/out/fx-http.o) to '_vut_rt_map_release_v1'
  text-relocation in '_vut_fn_257'+0x594 (/Users/runner/work/vut_repo/vut_repo/spikes/mlink0/out/fx-http.o) to '_vut_rt_release_string_v1'
  text-relocation in '_vut_fn_257'+0x57C (/Users/runner/work/vut_repo/vut_repo/spikes/mlink0/out/fx-http.o) to '_vut_rt_release_string_v1'
  text-relocation in '_vut_fn_257'+0x564 (/Users/runner/work/vut_repo/vut_repo/spikes/mlink0/out/fx-http.o) to '_vut_rt_release_string_v1'
  text-relocation in '_vut_fn_257'+0x544 (/Users/runner/work/vut_repo/vut_repo/spikes/mlink0/out/fx-http.o) to '_vut_rt_concat_v1'
  text-relocation in '_vut_fn_257'+0x4FC (/Users/runner/work/vut_repo/vut_repo/spikes/mlink0/out/fx-http.o) to '_vut_rt_retain_string_v1'
  text-relocation in '_vut_fn_257'+0x4DC (/Users/runner/work/vut_repo/vut_repo/spikes/mlink0/out/fx-http.o) to '_vut_rt_list_retain_v1'
  text-relocation in '_vut_fn_257'+0x4BC (/Users/runner/work/vut_repo/vut_repo/spikes/mlink0/out/fx-http.o) to '_vut_rt_map_retain_v1'
  text-relocation in '_vut_fn_257'+0x464 (/Users/runner/work/vut_repo/vut_repo/spikes/mlink0/out/fx-http.o) to '_vut_rt_retain_string_v1'
  text-relocation in '_vut_fn_257'+0x448 (/Users/runner/work/vut_repo/vut_repo/spikes/mlink0/out/fx-http.o) to '_vut_rt_release_string_v1'
  text-relocation in '_vut_fn_257'+0x430 (/Users/runner/work/vut_repo/vut_repo/spikes/mlink0/out/fx-http.o) to '_vut_rt_release_string_v1'
  text-relocation in '_vut_fn_257'+0x418 (/Users/runner/work/vut_repo/vut_repo/spikes/mlink0/out/fx-http.o) to '_vut_rt_release_string_v1'
  text-relocation in '_vut_fn_257'+0x3F8 (/Users/runner/work/vut_repo/vut_repo/spikes/mlink0/out/fx-http.o) to '_vut_rt_concat_v1'
  text-relocation in '_vut_fn_257'+0x3D0 (/Users/runner/work/vut_repo/vut_repo/spikes/mlink0/out/fx-http.o) to '_vut_rt_retain_string_v1'
  text-relocation in '_vut_fn_257'+0x3AC (/Users/runner/work/vut_repo/vut_repo/spikes/mlink0/out/fx-http.o) to '_vut_rt_release_string_v1'
  text-relocation in '_vut_fn_257'+0x394 (/Users/runner/work/vut_repo/vut_repo/spikes/mlink0/out/fx-http.o) to '_vut_rt_release_string_v1'
  text-relocation in '_vut_fn_257'+0x37C (/Users/runner/work/vut_repo/vut_repo/spikes/mlink0/out/fx-http.o) to '_vut_rt_release_string_v1'
  text-relocation in '_vut_fn_257'+0x35C (/Users/runner/work/vut_repo/vut_repo/spikes/mlink0/out/fx-http.o) to '_vut_rt_concat_v1'
  text-relocation in '_vut_fn_257'+0x344 (/Users/runner/work/vut_repo/vut_repo/spikes/mlink0/out/fx-http.o) to '_vut_rt_string_from_utf8_v1'
  text-relocation in '_vut_fn_257'+0x320 (/Users/runner/work/vut_repo/vut_repo/spikes/mlink0/out/fx-http.o) to '_vut_rt_retain_string_v1'
  text-relocation in '_vut_fn_257'+0x304 (/Users/runner/work/vut_repo/vut_repo/spikes/mlink0/out/fx-http.o) to '_vut_rt_retain_string_v1'
  text-relocation in '_vut_fn_257'+0x2E8 (/Users/runner/work/vut_repo/vut_repo/spikes/mlink0/out/fx-http.o) to '_vut_rt_list_retain_v1'
  text-relocation in '_vut_fn_257'+0x2CC (/Users/runner/work/vut_repo/vut_repo/spikes/mlink0/out/fx-http.o) to '_vut_rt_map_retain_v1'
  text-relocation in '_vut_fn_257'+0x258 (/Users/runner/work/vut_repo/vut_repo/spikes/mlink0/out/fx-http.o) to '_vut_rt_list_release_v1'
  text-relocation in '_vut_fn_257'+0x240 (/Users/runner/work/vut_repo/vut_repo/spikes/mlink0/out/fx-http.o) to '_vut_rt_release_string_v1'
  text-relocation in '_vut_fn_257'+0x228 (/Users/runner/work/vut_repo/vut_repo/spikes/mlink0/out/fx-http.o) to '_vut_rt_release_string_v1'
  text-relocation in '_vut_fn_257'+0x208 (/Users/runner/work/vut_repo/vut_repo/spikes/mlink0/out/fx-http.o) to '_vut_rt_concat_v1'
  text-relocation in '_vut_fn_257'+0x1F0 (/Users/runner/work/vut_repo/vut_repo/spikes/mlink0/out/fx-http.o) to '_vut_rt_string_from_utf8_v1'
  text-relocation in '_vut_fn_257'+0x1C8 (/Users/runner/work/vut_repo/vut_repo/spikes/mlink0/out/fx-http.o) to '_vut_rt_release_string_v1'
  text-relocation in '_vut_fn_257'+0x1B0 (/Users/runner/work/vut_repo/vut_repo/spikes/mlink0/out/fx-http.o) to '_vut_rt_release_string_v1'
  text-relocation in '_vut_fn_257'+0x198 (/Users/runner/work/vut_repo/vut_repo/spikes/mlink0/out/fx-http.o) to '_vut_rt_release_string_v1'
  text-relocation in '_vut_fn_257'+0x178 (/Users/runner/work/vut_repo/vut_repo/spikes/mlink0/out/fx-http.o) to '_vut_rt_concat_v1'
  text-relocation in '_vut_fn_257'+0x150 (/Users/runner/work/vut_repo/vut_repo/spikes/mlink0/out/fx-http.o) to '_vut_rt_retain_string_v1'
  text-relocation in '_vut_fn_257'+0x84 (/Users/runner/work/vut_repo/vut_repo/spikes/mlink0/out/fx-http.o) to '_vut_rt_list_len_v1'
  text-relocation in '_vut_fn_257'+0x60 (/Users/runner/work/vut_repo/vut_repo/spikes/mlink0/out/fx-http.o) to '_vut_rt_list_data_v1'
  text-relocation in '_vut_fn_257'+0x44 (/Users/runner/work/vut_repo/vut_repo/spikes/mlink0/out/fx-http.o) to '_vut_rt_string_from_utf8_v1'
  text-relocation in '_vut_fn_258'+0x744 (/Users/runner/work/vut_repo/vut_repo/spikes/mlink0/out/fx-http.o) to '_vut_rt_release_string_v1'
  text-relocation in '_vut_fn_258'+0x728 (/Users/runner/work/vut_repo/vut_repo/spikes/mlink0/out/fx-http.o) to '_vut_rt_release_string_v1'
  text-relocation in '_vut_fn_258'+0x710 (/Users/runner/work/vut_repo/vut_repo/spikes/mlink0/out/fx-http.o) to '_vut_rt_release_string_v1'
  text-relocation in '_vut_fn_258'+0x6F8 (/Users/runner/work/vut_repo/vut_repo/spikes/mlink0/out/fx-http.o) to '_vut_rt_release_string_v1'
  text-relocation in '_vut_fn_258'+0x6D8 (/Users/runner/work/vut_repo/vut_repo/spikes/mlink0/out/fx-http.o) to '_vut_rt_concat_v1'
  text-relocation in '_vut_fn_258'+0x6A4 (/Users/runner/work/vut_repo/vut_repo/spikes/mlink0/out/fx-http.o) to '_vut_rt_map_get_v1'
  text-relocation in '_vut_fn_258'+0x680 (/Users/runner/work/vut_repo/vut_repo/spikes/mlink0/out/fx-http.o) to '_vut_rt_retain_string_v1'
  text-relocation in '_vut_fn_258'+0x668 (/Users/runner/work/vut_repo/vut_repo/spikes/mlink0/out/fx-http.o) to '_vut_rt_release_string_v1'
  text-relocation in '_vut_fn_258'+0x650 (/Users/runner/work/vut_repo/vut_repo/spikes/mlink0/out/fx-http.o) to '_vut_rt_release_string_v1'
  text-relocation in '_vut_fn_258'+0x638 (/Users/runner/work/vut_repo/vut_repo/spikes/mlink0/out/fx-http.o) to '_vut_rt_release_string_v1'
  text-relocation in '_vut_fn_258'+0x618 (/Users/runner/work/vut_repo/vut_repo/spikes/mlink0/out/fx-http.o) to '_vut_rt_concat_v1'
  text-relocation in '_vut_fn_258'+0x600 (/Users/runner/work/vut_repo/vut_repo/spikes/mlink0/out/fx-http.o) to '_vut_rt_char_from_code_v1'
  text-relocation in '_vut_fn_258'+0x5E4 (/Users/runner/work/vut_repo/vut_repo/spikes/mlink0/out/fx-http.o) to '_vut_rt_retain_string_v1'
  text-relocation in '_vut_fn_258'+0x5CC (/Users/runner/work/vut_repo/vut_repo/spikes/mlink0/out/fx-http.o) to '_vut_rt_release_string_v1'
  text-relocation in '_vut_fn_258'+0x5B4 (/Users/runner/work/vut_repo/vut_repo/spikes/mlink0/out/fx-http.o) to '_vut_rt_release_string_v1'
  text-relocation in '_vut_fn_258'+0x59C (/Users/runner/work/vut_repo/vut_repo/spikes/mlink0/out/fx-http.o) to '_vut_rt_release_string_v1'
  text-relocation in '_vut_fn_258'+0x57C (/Users/runner/work/vut_repo/vut_repo/spikes/mlink0/out/fx-http.o) to '_vut_rt_concat_v1'
  text-relocation in '_vut_fn_258'+0x564 (/Users/runner/work/vut_repo/vut_repo/spikes/mlink0/out/fx-http.o) to '_vut_rt_string_from_utf8_v1'
  text-relocation in '_vut_fn_258'+0x540 (/Users/runner/work/vut_repo/vut_repo/spikes/mlink0/out/fx-http.o) to '_vut_rt_retain_string_v1'
  text-relocation in '_vut_fn_258'+0x524 (/Users/runner/work/vut_repo/vut_repo/spikes/mlink0/out/fx-http.o) to '_vut_rt_release_string_v1'
  text-relocation in '_vut_fn_258'+0x50C (/Users/runner/work/vut_repo/vut_repo/spikes/mlink0/out/fx-http.o) to '_vut_rt_release_string_v1'
  text-relocation in '_vut_fn_258'+0x4F4 (/Users/runner/work/vut_repo/vut_repo/spikes/mlink0/out/fx-http.o) to '_vut_rt_release_string_v1'
  text-relocation in '_vut_fn_258'+0x4D4 (/Users/runner/work/vut_repo/vut_repo/spikes/mlink0/out/fx-http.o) to '_vut_rt_concat_v1'
  text-relocation in '_vut_fn_258'+0x4BC (/Users/runner/work/vut_repo/vut_repo/spikes/mlink0/out/fx-http.o) to '_vut_rt_string_from_utf8_v1'
  text-relocation in '_vut_fn_258'+0x498 (/Users/runner/work/vut_repo/vut_repo/spikes/mlink0/out/fx-http.o) to '_vut_rt_retain_string_v1'
  text-relocation in '_vut_fn_258'+0x478 (/Users/runner/work/vut_repo/vut_repo/spikes/mlink0/out/fx-http.o) to '_vut_rt_release_string_v1'
  text-relocation in '_vut_fn_258'+0x460 (/Users/runner/work/vut_repo/vut_repo/spikes/mlink0/out/fx-http.o) to '_vut_rt_release_string_v1'
  text-relocation in '_vut_fn_258'+0x448 (/Users/runner/work/vut_repo/vut_repo/spikes/mlink0/out/fx-http.o) to '_vut_rt_release_string_v1'
  text-relocation in '_vut_fn_258'+0x428 (/Users/runner/work/vut_repo/vut_repo/spikes/mlink0/out/fx-http.o) to '_vut_rt_concat_v1'
  text-relocation in '_vut_fn_258'+0x404 (/Users/runner/work/vut_repo/vut_repo/spikes/mlink0/out/fx-http.o) to '_vut_rt_retain_string_v1'
  text-relocation in '_vut_fn_258'+0x3EC (/Users/runner/work/vut_repo/vut_repo/spikes/mlink0/out/fx-http.o) to '_vut_rt_retain_string_v1'
  text-relocation in '_vut_fn_258'+0x3D0 (/Users/runner/work/vut_repo/vut_repo/spikes/mlink0/out/fx-http.o) to '_vut_rt_release_string_v1'
  text-relocation in '_vut_fn_258'+0x3B8 (/Users/runner/work/vut_repo/vut_repo/spikes/mlink0/out/fx-http.o) to '_vut_rt_release_string_v1'
  text-relocation in '_vut_fn_258'+0x3A0 (/Users/runner/work/vut_repo/vut_repo/spikes/mlink0/out/fx-http.o) to '_vut_rt_release_string_v1'
  text-relocation in '_vut_fn_258'+0x380 (/Users/runner/work/vut_repo/vut_repo/spikes/mlink0/out/fx-http.o) to '_vut_rt_concat_v1'
  text-relocation in '_vut_fn_258'+0x358 (/Users/runner/work/vut_repo/vut_repo/spikes/mlink0/out/fx-http.o) to '_vut_rt_retain_string_v1'
  text-relocation in '_vut_fn_258'+0x334 (/Users/runner/work/vut_repo/vut_repo/spikes/mlink0/out/fx-http.o) to '_vut_rt_release_string_v1'
  text-relocation in '_vut_fn_258'+0x31C (/Users/runner/work/vut_repo/vut_repo/spikes/mlink0/out/fx-http.o) to '_vut_rt_release_string_v1'
  text-relocation in '_vut_fn_258'+0x304 (/Users/runner/work/vut_repo/vut_repo/spikes/mlink0/out/fx-http.o) to '_vut_rt_release_string_v1'
  text-relocation in '_vut_fn_258'+0x2E4 (/Users/runner/work/vut_repo/vut_repo/spikes/mlink0/out/fx-http.o) to '_vut_rt_concat_v1'
  text-relocation in '_vut_fn_258'+0x2CC (/Users/runner/work/vut_repo/vut_repo/spikes/mlink0/out/fx-http.o) to '_vut_rt_string_from_utf8_v1'
  text-relocation in '_vut_fn_258'+0x2A8 (/Users/runner/work/vut_repo/vut_repo/spikes/mlink0/out/fx-http.o) to '_vut_rt_retain_string_v1'
  text-relocation in '_vut_fn_258'+0x288 (/Users/runner/work/vut_repo/vut_repo/spikes/mlink0/out/fx-http.o) to '_vut_rt_retain_string_v1'
  text-relocation in '_vut_fn_258'+0x24C (/Users/runner/work/vut_repo/vut_repo/spikes/mlink0/out/fx-http.o) to '_vut_rt_map_release_v1'
  text-relocation in '_vut_fn_258'+0x234 (/Users/runner/work/vut_repo/vut_repo/spikes/mlink0/out/fx-http.o) to '_vut_rt_list_release_v1'
  text-relocation in '_vut_fn_258'+0x21C (/Users/runner/work/vut_repo/vut_repo/spikes/mlink0/out/fx-http.o) to '_vut_rt_release_string_v1'
  text-relocation in '_vut_fn_258'+0x204 (/Users/runner/work/vut_repo/vut_repo/spikes/mlink0/out/fx-http.o) to '_vut_rt_release_string_v1'
  text-relocation in '_vut_fn_258'+0x1E4 (/Users/runner/work/vut_repo/vut_repo/spikes/mlink0/out/fx-http.o) to '_vut_rt_concat_v1'
  text-relocation in '_vut_fn_258'+0x1CC (/Users/runner/work/vut_repo/vut_repo/spikes/mlink0/out/fx-http.o) to '_vut_rt_string_from_utf8_v1'
  text-relocation in '_vut_fn_258'+0x1A4 (/Users/runner/work/vut_repo/vut_repo/spikes/mlink0/out/fx-http.o) to '_vut_rt_release_string_v1'
  text-relocation in '_vut_fn_258'+0x18C (/Users/runner/work/vut_repo/vut_repo/spikes/mlink0/out/fx-http.o) to '_vut_rt_release_string_v1'
  text-relocation in '_vut_fn_258'+0x174 (/Users/runner/work/vut_repo/vut_repo/spikes/mlink0/out/fx-http.o) to '_vut_rt_release_string_v1'
  text-relocation in '_vut_fn_258'+0x154 (/Users/runner/work/vut_repo/vut_repo/spikes/mlink0/out/fx-http.o) to '_vut_rt_concat_v1'
  text-relocation in '_vut_fn_258'+0x12C (/Users/runner/work/vut_repo/vut_repo/spikes/mlink0/out/fx-http.o) to '_vut_rt_retain_string_v1'
  text-relocation in '_vut_fn_258'+0x9C (/Users/runner/work/vut_repo/vut_repo/spikes/mlink0/out/fx-http.o) to '_vut_rt_list_len_v1'
  text-relocation in '_vut_fn_258'+0x78 (/Users/runner/work/vut_repo/vut_repo/spikes/mlink0/out/fx-http.o) to '_vut_rt_list_data_v1'
  text-relocation in '_vut_fn_258'+0x5C (/Users/runner/work/vut_repo/vut_repo/spikes/mlink0/out/fx-http.o) to '_vut_rt_string_from_utf8_v1'
  text-relocation in '_vut_fn_258'+0x38 (/Users/runner/work/vut_repo/vut_repo/spikes/mlink0/out/fx-http.o) to '_vut_rt_map_keys_v1'
  text-relocation in '_vut_fn_259'+0x388 (/Users/runner/work/vut_repo/vut_repo/spikes/mlink0/out/fx-http.o) to '_vut_rt_release_string_v1'
  text-relocation in '_vut_fn_259'+0x370 (/Users/runner/work/vut_repo/vut_repo/spikes/mlink0/out/fx-http.o) to '_vut_rt_bytes_release_v1'
  text-relocation in '_vut_fn_259'+0x358 (/Users/runner/work/vut_repo/vut_repo/spikes/mlink0/out/fx-http.o) to '_vut_rt_release_string_v1'
  text-relocation in '_vut_fn_259'+0x340 (/Users/runner/work/vut_repo/vut_repo/spikes/mlink0/out/fx-http.o) to '_vut_rt_release_string_v1'
  text-relocation in '_vut_fn_259'+0x320 (/Users/runner/work/vut_repo/vut_repo/spikes/mlink0/out/fx-http.o) to '_vut_rt_concat_v1'
  text-relocation in '_vut_fn_259'+0x308 (/Users/runner/work/vut_repo/vut_repo/spikes/mlink0/out/fx-http.o) to '_vut_rt_char_from_code_v1'
  text-relocation in '_vut_fn_259'+0x2E8 (/Users/runner/work/vut_repo/vut_repo/spikes/mlink0/out/fx-http.o) to '_vut_rt_release_string_v1'
  text-relocation in '_vut_fn_259'+0x2D0 (/Users/runner/work/vut_repo/vut_repo/spikes/mlink0/out/fx-http.o) to '_vut_rt_release_string_v1'
  text-relocation in '_vut_fn_259'+0x2B8 (/Users/runner/work/vut_repo/vut_repo/spikes/mlink0/out/fx-http.o) to '_vut_rt_release_string_v1'
  text-relocation in '_vut_fn_259'+0x298 (/Users/runner/work/vut_repo/vut_repo/spikes/mlink0/out/fx-http.o) to '_vut_rt_concat_v1'
  text-relocation in '_vut_fn_259'+0x270 (/Users/runner/work/vut_repo/vut_repo/spikes/mlink0/out/fx-http.o) to '_vut_rt_bytes_clone_v1'
  text-relocation in '_vut_fn_259'+0x258 (/Users/runner/work/vut_repo/vut_repo/spikes/mlink0/out/fx-http.o) to '_vut_rt_retain_string_v1'
  text-relocation in '_vut_fn_259'+0x218 (/Users/runner/work/vut_repo/vut_repo/spikes/mlink0/out/fx-http.o) to '_vut_rt_release_string_v1'
  text-relocation in '_vut_fn_259'+0x200 (/Users/runner/work/vut_repo/vut_repo/spikes/mlink0/out/fx-http.o) to '_vut_rt_release_string_v1'
  text-relocation in '_vut_fn_259'+0x1E8 (/Users/runner/work/vut_repo/vut_repo/spikes/mlink0/out/fx-http.o) to '_vut_rt_release_string_v1'
  text-relocation in '_vut_fn_259'+0x1C8 (/Users/runner/work/vut_repo/vut_repo/spikes/mlink0/out/fx-http.o) to '_vut_rt_concat_v1'
  text-relocation in '_vut_fn_259'+0x1A4 (/Users/runner/work/vut_repo/vut_repo/spikes/mlink0/out/fx-http.o) to '_vut_rt_retain_string_v1'
  text-relocation in '_vut_fn_259'+0x188 (/Users/runner/work/vut_repo/vut_repo/spikes/mlink0/out/fx-http.o) to '_vut_rt_release_string_v1'
  text-relocation in '_vut_fn_259'+0x170 (/Users/runner/work/vut_repo/vut_repo/spikes/mlink0/out/fx-http.o) to '_vut_rt_release_string_v1'
  text-relocation in '_vut_fn_259'+0x158 (/Users/runner/work/vut_repo/vut_repo/spikes/mlink0/out/fx-http.o) to '_vut_rt_release_string_v1'
  text-relocation in '_vut_fn_259'+0x138 (/Users/runner/work/vut_repo/vut_repo/spikes/mlink0/out/fx-http.o) to '_vut_rt_concat_v1'
  text-relocation in '_vut_fn_259'+0x110 (/Users/runner/work/vut_repo/vut_repo/spikes/mlink0/out/fx-http.o) to '_vut_rt_bytes_clone_v1'
  text-relocation in '_vut_fn_259'+0xF8 (/Users/runner/work/vut_repo/vut_repo/spikes/mlink0/out/fx-http.o) to '_vut_rt_retain_string_v1'
  text-relocation in '_vut_fn_259'+0x8C (/Users/runner/work/vut_repo/vut_repo/spikes/mlink0/out/fx-http.o) to '_vut_rt_bytes_clone_v1'
  text-relocation in '_vut_fn_259'+0x68 (/Users/runner/work/vut_repo/vut_repo/spikes/mlink0/out/fx-http.o) to '_vut_rt_bytes_len_v1'
  text-relocation in '_vut_fn_259'+0x40 (/Users/runner/work/vut_repo/vut_repo/spikes/mlink0/out/fx-http.o) to '_vut_rt_char_from_code_v1'
  text-relocation in '_vut_fn_259'+0x24 (/Users/runner/work/vut_repo/vut_repo/spikes/mlink0/out/fx-http.o) to '_vut_rt_string_to_bytes_v1'
  text-relocation in '_vut_fn_260'+0x63C (/Users/runner/work/vut_repo/vut_repo/spikes/mlink0/out/fx-http.o) to '_vut_rt_release_string_v1'
  text-relocation in '_vut_fn_260'+0x624 (/Users/runner/work/vut_repo/vut_repo/spikes/mlink0/out/fx-http.o) to '_vut_rt_release_string_v1'
  text-relocation in '_vut_fn_260'+0x604 (/Users/runner/work/vut_repo/vut_repo/spikes/mlink0/out/fx-http.o) to '_vut_rt_concat_v1'
  text-relocation in '_vut_fn_260'+0x5EC (/Users/runner/work/vut_repo/vut_repo/spikes/mlink0/out/fx-http.o) to '_vut_rt_char_from_code_v1'
  text-relocation in '_vut_fn_260'+0x5D0 (/Users/runner/work/vut_repo/vut_repo/spikes/mlink0/out/fx-http.o) to '_vut_rt_char_from_code_v1'
  text-relocation in '_vut_fn_260'+0x5AC (/Users/runner/work/vut_repo/vut_repo/spikes/mlink0/out/fx-http.o) to '_vut_rt_release_string_v1'
  text-relocation in '_vut_fn_260'+0x594 (/Users/runner/work/vut_repo/vut_repo/spikes/mlink0/out/fx-http.o) to '_vut_rt_release_string_v1'
  text-relocation in '_vut_fn_260'+0x574 (/Users/runner/work/vut_repo/vut_repo/spikes/mlink0/out/fx-http.o) to '_vut_rt_concat_v1'
  text-relocation in '_vut_fn_260'+0x55C (/Users/runner/work/vut_repo/vut_repo/spikes/mlink0/out/fx-http.o) to '_vut_rt_char_from_code_v1'
  text-relocation in '_vut_fn_260'+0x540 (/Users/runner/work/vut_repo/vut_repo/spikes/mlink0/out/fx-http.o) to '_vut_rt_char_from_code_v1'
  text-relocation in '_vut_fn_260'+0x520 (/Users/runner/work/vut_repo/vut_repo/spikes/mlink0/out/fx-http.o) to '_vut_rt_release_string_v1'
  text-relocation in '_vut_fn_260'+0x508 (/Users/runner/work/vut_repo/vut_repo/spikes/mlink0/out/fx-http.o) to '_vut_rt_release_string_v1'
  text-relocation in '_vut_fn_260'+0x4E8 (/Users/runner/work/vut_repo/vut_repo/spikes/mlink0/out/fx-http.o) to '_vut_rt_concat_v1'
  text-relocation in '_vut_fn_260'+0x4D0 (/Users/runner/work/vut_repo/vut_repo/spikes/mlink0/out/fx-http.o) to '_vut_rt_char_from_code_v1'
  text-relocation in '_vut_fn_260'+0x4B4 (/Users/runner/work/vut_repo/vut_repo/spikes/mlink0/out/fx-http.o) to '_vut_rt_char_from_code_v1'
  text-relocation in '_vut_fn_260'+0x494 (/Users/runner/work/vut_repo/vut_repo/spikes/mlink0/out/fx-http.o) to '_vut_rt_release_string_v1'
  text-relocation in '_vut_fn_260'+0x47C (/Users/runner/work/vut_repo/vut_repo/spikes/mlink0/out/fx-http.o) to '_vut_rt_release_string_v1'
  text-relocation in '_vut_fn_260'+0x45C (/Users/runner/work/vut_repo/vut_repo/spikes/mlink0/out/fx-http.o) to '_vut_rt_concat_v1'
  text-relocation in '_vut_fn_260'+0x444 (/Users/runner/work/vut_repo/vut_repo/spikes/mlink0/out/fx-http.o) to '_vut_rt_char_from_code_v1'
  text-relocation in '_vut_fn_260'+0x428 (/Users/runner/work/vut_repo/vut_repo/spikes/mlink0/out/fx-http.o) to '_vut_rt_char_from_code_v1'
  text-relocation in '_vut_fn_260'+0x408 (/Users/runner/work/vut_repo/vut_repo/spikes/mlink0/out/fx-http.o) to '_vut_rt_release_string_v1'
  text-relocation in '_vut_fn_260'+0x3F0 (/Users/runner/work/vut_repo/vut_repo/spikes/mlink0/out/fx-http.o) to '_vut_rt_release_string_v1'
  text-relocation in '_vut_fn_260'+0x3D0 (/Users/runner/work/vut_repo/vut_repo/spikes/mlink0/out/fx-http.o) to '_vut_rt_concat_v1'
  text-relocation in '_vut_fn_260'+0x3B8 (/Users/runner/work/vut_repo/vut_repo/spikes/mlink0/out/fx-http.o) to '_vut_rt_char_from_code_v1'
  text-relocation in '_vut_fn_260'+0x39C (/Users/runner/work/vut_repo/vut_repo/spikes/mlink0/out/fx-http.o) to '_vut_rt_char_from_code_v1'
  text-relocation in '_vut_fn_260'+0x37C (/Users/runner/work/vut_repo/vut_repo/spikes/mlink0/out/fx-http.o) to '_vut_rt_release_string_v1'
  text-relocation in '_vut_fn_260'+0x364 (/Users/runner/work/vut_repo/vut_repo/spikes/mlink0/out/fx-http.o) to '_vut_rt_release_string_v1'
  text-relocation in '_vut_fn_260'+0x344 (/Users/runner/work/vut_repo/vut_repo/spikes/mlink0/out/fx-http.o) to '_vut_rt_concat_v1'
  text-relocation in '_vut_fn_260'+0x32C (/Users/runner/work/vut_repo/vut_repo/spikes/mlink0/out/fx-http.o) to '_vut_rt_char_from_code_v1'
  text-relocation in '_vut_fn_260'+0x310 (/Users/runner/work/vut_repo/vut_repo/spikes/mlink0/out/fx-http.o) to '_vut_rt_char_from_code_v1'
  text-relocation in '_vut_fn_260'+0x2F0 (/Users/runner/work/vut_repo/vut_repo/spikes/mlink0/out/fx-http.o) to '_vut_rt_release_string_v1'
  text-relocation in '_vut_fn_260'+0x2D8 (/Users/runner/work/vut_repo/vut_repo/spikes/mlink0/out/fx-http.o) to '_vut_rt_release_string_v1'
  text-relocation in '_vut_fn_260'+0x2B8 (/Users/runner/work/vut_repo/vut_repo/spikes/mlink0/out/fx-http.o) to '_vut_rt_concat_v1'
  text-relocation in '_vut_fn_260'+0x2A0 (/Users/runner/work/vut_repo/vut_repo/spikes/mlink0/out/fx-http.o) to '_vut_rt_char_from_code_v1'
  text-relocation in '_vut_fn_260'+0x284 (/Users/runner/work/vut_repo/vut_repo/spikes/mlink0/out/fx-http.o) to '_vut_rt_char_from_code_v1'
  text-relocation in '_vut_fn_260'+0x264 (/Users/runner/work/vut_repo/vut_repo/spikes/mlink0/out/fx-http.o) to '_vut_rt_release_string_v1'
  text-relocation in '_vut_fn_260'+0x24C (/Users/runner/work/vut_repo/vut_repo/spikes/mlink0/out/fx-http.o) to '_vut_rt_release_string_v1'
  text-relocation in '_vut_fn_260'+0x22C (/Users/runner/work/vut_repo/vut_repo/spikes/mlink0/out/fx-http.o) to '_vut_rt_concat_v1'
  text-relocation in '_vut_fn_260'+0x200 (/Users/runner/work/vut_repo/vut_repo/spikes/mlink0/out/fx-http.o) to '_vut_rt_release_string_v1'
  text-relocation in '_vut_fn_260'+0x1E8 (/Users/runner/work/vut_repo/vut_repo/spikes/mlink0/out/fx-http.o) to '_vut_rt_release_string_v1'
  text-relocation in '_vut_fn_260'+0x1C8 (/Users/runner/work/vut_repo/vut_repo/spikes/mlink0/out/fx-http.o) to '_vut_rt_concat_v1'
  text-relocation in '_vut_fn_260'+0x1A0 (/Users/runner/work/vut_repo/vut_repo/spikes/mlink0/out/fx-http.o) to '_vut_rt_release_string_v1'
  text-relocation in '_vut_fn_260'+0x188 (/Users/runner/work/vut_repo/vut_repo/spikes/mlink0/out/fx-http.o) to '_vut_rt_release_string_v1'
  text-relocation in '_vut_fn_260'+0x168 (/Users/runner/work/vut_repo/vut_repo/spikes/mlink0/out/fx-http.o) to '_vut_rt_concat_v1'
  text-relocation in '_vut_fn_260'+0x150 (/Users/runner/work/vut_repo/vut_repo/spikes/mlink0/out/fx-http.o) to '_vut_rt_char_from_code_v1'
  text-relocation in '_vut_fn_260'+0x134 (/Users/runner/work/vut_repo/vut_repo/spikes/mlink0/out/fx-http.o) to '_vut_rt_release_string_v1'
  text-relocation in '_vut_fn_260'+0x11C (/Users/runner/work/vut_repo/vut_repo/spikes/mlink0/out/fx-http.o) to '_vut_rt_release_string_v1'
  text-relocation in '_vut_fn_260'+0xFC (/Users/runner/work/vut_repo/vut_repo/spikes/mlink0/out/fx-http.o) to '_vut_rt_concat_v1'
  text-relocation in '_vut_fn_260'+0xE4 (/Users/runner/work/vut_repo/vut_repo/spikes/mlink0/out/fx-http.o) to '_vut_rt_char_from_code_v1'
  text-relocation in '_vut_fn_260'+0xC8 (/Users/runner/work/vut_repo/vut_repo/spikes/mlink0/out/fx-http.o) to '_vut_rt_release_string_v1'
  text-relocation in '_vut_fn_260'+0xB0 (/Users/runner/work/vut_repo/vut_repo/spikes/mlink0/out/fx-http.o) to '_vut_rt_release_string_v1'
  text-relocation in '_vut_fn_260'+0x90 (/Users/runner/work/vut_repo/vut_repo/spikes/mlink0/out/fx-http.o) to '_vut_rt_concat_v1'
  text-relocation in '_vut_fn_260'+0x78 (/Users/runner/work/vut_repo/vut_repo/spikes/mlink0/out/fx-http.o) to '_vut_rt_char_from_code_v1'
  text-relocation in '_vut_fn_260'+0x5C (/Users/runner/work/vut_repo/vut_repo/spikes/mlink0/out/fx-http.o) to '_vut_rt_char_from_code_v1'
  text-relocation in '_vut_fn_261'+0x364 (/Users/runner/work/vut_repo/vut_repo/spikes/mlink0/out/fx-http.o) to '_vut_rt_bytes_release_v1'
  text-relocation in '_vut_fn_261'+0x34C (/Users/runner/work/vut_repo/vut_repo/spikes/mlink0/out/fx-http.o) to '_vut_rt_list_release_v1'
  text-relocation in '_vut_fn_261'+0x330 (/Users/runner/work/vut_repo/vut_repo/spikes/mlink0/out/fx-http.o) to '_vut_rt_release_string_v1'
  text-relocation in '_vut_fn_261'+0x318 (/Users/runner/work/vut_repo/vut_repo/spikes/mlink0/out/fx-http.o) to '_vut_rt_out_v1'
  text-relocation in '_vut_fn_261'+0x300 (/Users/runner/work/vut_repo/vut_repo/spikes/mlink0/out/fx-http.o) to '_vut_rt_release_string_v1'
  text-relocation in '_vut_fn_261'+0x2E8 (/Users/runner/work/vut_repo/vut_repo/spikes/mlink0/out/fx-http.o) to '_vut_rt_release_string_v1'
  text-relocation in '_vut_fn_261'+0x2C8 (/Users/runner/work/vut_repo/vut_repo/spikes/mlink0/out/fx-http.o) to '_vut_rt_concat_v1'
  text-relocation in '_vut_fn_261'+0x2B0 (/Users/runner/work/vut_repo/vut_repo/spikes/mlink0/out/fx-http.o) to '_vut_rt_format_i64_v1'
  text-relocation in '_vut_fn_261'+0x298 (/Users/runner/work/vut_repo/vut_repo/spikes/mlink0/out/fx-http.o) to '_vut_rt_bytes_release_v1'
  text-relocation in '_vut_fn_261'+0x280 (/Users/runner/work/vut_repo/vut_repo/spikes/mlink0/out/fx-http.o) to '_vut_rt_list_release_v1'
  text-relocation in '_vut_fn_261'+0x268 (/Users/runner/work/vut_repo/vut_repo/spikes/mlink0/out/fx-http.o) to '_vut_rt_bytes_retain_v1'
  text-relocation in '_vut_fn_261'+0x250 (/Users/runner/work/vut_repo/vut_repo/spikes/mlink0/out/fx-http.o) to '_vut_rt_list_retain_v1'
  text-relocation in '_vut_fn_261'+0x234 (/Users/runner/work/vut_repo/vut_repo/spikes/mlink0/out/fx-http.o) to '_vut_rt_string_from_utf8_v1'
  text-relocation in '_vut_fn_261'+0x204 (/Users/runner/work/vut_repo/vut_repo/spikes/mlink0/out/fx-http.o) to '_vut_rt_release_string_v1'
  text-relocation in '_vut_fn_261'+0x1E8 (/Users/runner/work/vut_repo/vut_repo/spikes/mlink0/out/fx-http.o) to '_vut_rt_release_string_v1'
  text-relocation in '_vut_fn_261'+0x1D0 (/Users/runner/work/vut_repo/vut_repo/spikes/mlink0/out/fx-http.o) to '_vut_rt_out_v1'
  text-relocation in '_vut_fn_261'+0x1B8 (/Users/runner/work/vut_repo/vut_repo/spikes/mlink0/out/fx-http.o) to '_vut_rt_release_string_v1'
  text-relocation in '_vut_fn_261'+0x1A0 (/Users/runner/work/vut_repo/vut_repo/spikes/mlink0/out/fx-http.o) to '_vut_rt_release_string_v1'
  text-relocation in '_vut_fn_261'+0x180 (/Users/runner/work/vut_repo/vut_repo/spikes/mlink0/out/fx-http.o) to '_vut_rt_concat_v1'
  text-relocation in '_vut_fn_261'+0x16C (/Users/runner/work/vut_repo/vut_repo/spikes/mlink0/out/fx-http.o) to '_vut_rt_release_string_v1'
  text-relocation in '_vut_fn_261'+0x150 (/Users/runner/work/vut_repo/vut_repo/spikes/mlink0/out/fx-http.o) to '_vut_rt_retain_string_v1'
  text-relocation in '_vut_fn_261'+0x138 (/Users/runner/work/vut_repo/vut_repo/spikes/mlink0/out/fx-http.o) to '_vut_rt_retain_string_v1'
  text-relocation in '_vut_fn_261'+0x11C (/Users/runner/work/vut_repo/vut_repo/spikes/mlink0/out/fx-http.o) to '_vut_rt_string_from_utf8_v1'
  text-relocation in '_vut_fn_261'+0xB4 (/Users/runner/work/vut_repo/vut_repo/spikes/mlink0/out/fx-http.o) to '_vut_rt_async_await_child_v1'
  text-relocation in '_vut_fn_261'+0x90 (/Users/runner/work/vut_repo/vut_repo/spikes/mlink0/out/fx-http.o) to '_vut_rt_async_new_v1'
  text-relocation in '_vut_fn_261'+0x64 (/Users/runner/work/vut_repo/vut_repo/spikes/mlink0/out/fx-http.o) to '_vut_rt_frame_alloc_v1'
  text-relocation in '_vut_fn_261'+0x44 (/Users/runner/work/vut_repo/vut_repo/spikes/mlink0/out/fx-http.o) to '_vut_rt_string_from_utf8_v1'
  text-relocation in '_vut_fn_272'+0x124 (/Users/runner/work/vut_repo/vut_repo/spikes/mlink0/out/fx-http.o) to '_vut_rt_string_from_utf8_v1'
  text-relocation in '_vut_fn_272'+0x100 (/Users/runner/work/vut_repo/vut_repo/spikes/mlink0/out/fx-http.o) to '_vut_rt_string_from_utf8_v1'
  text-relocation in '_vut_fn_272'+0xDC (/Users/runner/work/vut_repo/vut_repo/spikes/mlink0/out/fx-http.o) to '_vut_rt_string_from_utf8_v1'
  text-relocation in '_vut_fn_272'+0xB8 (/Users/runner/work/vut_repo/vut_repo/spikes/mlink0/out/fx-http.o) to '_vut_rt_string_from_utf8_v1'
  text-relocation in '_vut_fn_272'+0x94 (/Users/runner/work/vut_repo/vut_repo/spikes/mlink0/out/fx-http.o) to '_vut_rt_string_from_utf8_v1'
  text-relocation in '_vut_fn_272'+0x70 (/Users/runner/work/vut_repo/vut_repo/spikes/mlink0/out/fx-http.o) to '_vut_rt_string_from_utf8_v1'
  text-relocation in '_vut_fn_272'+0x4C (/Users/runner/work/vut_repo/vut_repo/spikes/mlink0/out/fx-http.o) to '_vut_rt_string_from_utf8_v1'
  text-relocation in '_vut_fn_277'+0x174 (/Users/runner/work/vut_repo/vut_repo/spikes/mlink0/out/fx-http.o) to '_vut_rt_bytes_release_v1'
  text-relocation in '_vut_fn_277'+0x148 (/Users/runner/work/vut_repo/vut_repo/spikes/mlink0/out/fx-http.o) to '_vut_rt_release_string_v1'
  text-relocation in '_vut_fn_277'+0x120 (/Users/runner/work/vut_repo/vut_repo/spikes/mlink0/out/fx-http.o) to '_vut_rt_retain_string_v1'
  text-relocation in '_vut_fn_277'+0xDC (/Users/runner/work/vut_repo/vut_repo/spikes/mlink0/out/fx-http.o) to '_vut_rt_bytes_release_v1'
  text-relocation in '_vut_fn_277'+0xA0 (/Users/runner/work/vut_repo/vut_repo/spikes/mlink0/out/fx-http.o) to '_vut_rt_bytes_utf8_error_len_v1'
  text-relocation in '_vut_fn_277'+0x84 (/Users/runner/work/vut_repo/vut_repo/spikes/mlink0/out/fx-http.o) to '_vut_rt_bytes_utf8_valid_up_to_v1'
  text-relocation in '_vut_fn_277'+0x68 (/Users/runner/work/vut_repo/vut_repo/spikes/mlink0/out/fx-http.o) to '_vut_rt_bytes_to_str_v1'
  text-relocation in '_vut_fn_277'+0x48 (/Users/runner/work/vut_repo/vut_repo/spikes/mlink0/out/fx-http.o) to '_vut_rt_bytes_clone_v1'
  text-relocation in '_vut_fn_277'+0x28 (/Users/runner/work/vut_repo/vut_repo/spikes/mlink0/out/fx-http.o) to '_vut_rt_bytes_clone_v1'
  text-relocation in '_vut_fn_278'+0x88 (/Users/runner/work/vut_repo/vut_repo/spikes/mlink0/out/fx-http.o) to '_vut_rt_bytes_release_v1'
  text-relocation in '_vut_fn_278'+0x48 (/Users/runner/work/vut_repo/vut_repo/spikes/mlink0/out/fx-http.o) to '_vut_rt_bytes_clone_v1'
  text-relocation in '_vut_fn_278'+0x24 (/Users/runner/work/vut_repo/vut_repo/spikes/mlink0/out/fx-http.o) to '_vut_rt_bytes_clone_v1'
  text-relocation in '_vut_fn_279'+0x10 (/Users/runner/work/vut_repo/vut_repo/spikes/mlink0/out/fx-http.o) to '_vut_rt_os_name_v1'
  text-relocation in '_vut_fn_280'+0x10 (/Users/runner/work/vut_repo/vut_repo/spikes/mlink0/out/fx-http.o) to '_vut_rt_os_arch_v1'
  text-relocation in '_vut_fn_281'+0x10 (/Users/runner/work/vut_repo/vut_repo/spikes/mlink0/out/fx-http.o) to '_vut_rt_os_family_v1'
  text-relocation in '_vut_fn_282'+0x1C (/Users/runner/work/vut_repo/vut_repo/spikes/mlink0/out/fx-http.o) to '_vut_rt_os_home_dir_v1'
  text-relocation in '_vut_fn_283'+0x1C (/Users/runner/work/vut_repo/vut_repo/spikes/mlink0/out/fx-http.o) to '_vut_rt_os_temp_dir_v1'
  text-relocation in '_vut_fn_284'+0x1C (/Users/runner/work/vut_repo/vut_repo/spikes/mlink0/out/fx-http.o) to '_vut_rt_os_current_dir_v1'
  text-relocation in '_vut_fn_285'+0x1C (/Users/runner/work/vut_repo/vut_repo/spikes/mlink0/out/fx-http.o) to '_vut_rt_os_current_exe_v1'
  text-relocation in '_vut_fn_286'+0x44 (/Users/runner/work/vut_repo/vut_repo/spikes/mlink0/out/fx-http.o) to '_vut_rt_release_string_v1'
  text-relocation in '_vut_fn_286'+0x20 (/Users/runner/work/vut_repo/vut_repo/spikes/mlink0/out/fx-http.o) to '_vut_rt_os_set_current_dir_v1'
  text-relocation in '_vut_fn_287'+0x10 (/Users/runner/work/vut_repo/vut_repo/spikes/mlink0/out/fx-http.o) to '_vut_rt_os_cpu_count_v1'
  text-relocation in '_vut_fn_288'+0xD0 (/Users/runner/work/vut_repo/vut_repo/spikes/mlink0/out/fx-http.o) to '_vut_rt_string_from_utf8_v1'
  text-relocation in '_vut_fn_288'+0xAC (/Users/runner/work/vut_repo/vut_repo/spikes/mlink0/out/fx-http.o) to '_vut_rt_string_from_utf8_v1'
  text-relocation in '_vut_fn_288'+0x7C (/Users/runner/work/vut_repo/vut_repo/spikes/mlink0/out/fx-http.o) to '_vut_rt_release_string_v1'
  text-relocation in '_vut_fn_288'+0x64 (/Users/runner/work/vut_repo/vut_repo/spikes/mlink0/out/fx-http.o) to '_vut_rt_release_string_v1'
  text-relocation in '_vut_fn_288'+0x44 (/Users/runner/work/vut_repo/vut_repo/spikes/mlink0/out/fx-http.o) to '_vut_rt_string_eq_v1'
  text-relocation in '_vut_fn_288'+0x2C (/Users/runner/work/vut_repo/vut_repo/spikes/mlink0/out/fx-http.o) to '_vut_rt_string_from_utf8_v1'
  text-relocation in '_vut_fn_289'+0x168 (/Users/runner/work/vut_repo/vut_repo/spikes/mlink0/out/fx-http.o) to '_vut_rt_release_string_v1'
  text-relocation in '_vut_fn_289'+0x150 (/Users/runner/work/vut_repo/vut_repo/spikes/mlink0/out/fx-http.o) to '_vut_rt_release_string_v1'
  text-relocation in '_vut_fn_289'+0x138 (/Users/runner/work/vut_repo/vut_repo/spikes/mlink0/out/fx-http.o) to '_vut_rt_list_release_v1'
  text-relocation in '_vut_fn_289'+0x120 (/Users/runner/work/vut_repo/vut_repo/spikes/mlink0/out/fx-http.o) to '_vut_rt_release_string_v1'
  text-relocation in '_vut_fn_289'+0xF0 (/Users/runner/work/vut_repo/vut_repo/spikes/mlink0/out/fx-http.o) to '_vut_rt_string_byte_len_v1'
  text-relocation in '_vut_fn_289'+0xD0 (/Users/runner/work/vut_repo/vut_repo/spikes/mlink0/out/fx-http.o) to '_vut_rt_string_byte_len_v1'
  text-relocation in '_vut_fn_289'+0xB4 (/Users/runner/work/vut_repo/vut_repo/spikes/mlink0/out/fx-http.o) to '_vut_rt_string_byte_len_v1'
  text-relocation in '_vut_fn_289'+0x94 (/Users/runner/work/vut_repo/vut_repo/spikes/mlink0/out/fx-http.o) to '_vut_rt_list_at_v1'
  text-relocation in '_vut_fn_289'+0x4C (/Users/runner/work/vut_repo/vut_repo/spikes/mlink0/out/fx-http.o) to '_vut_rt_list_len_v1'
  text-relocation in '_vut_fn_289'+0x30 (/Users/runner/work/vut_repo/vut_repo/spikes/mlink0/out/fx-http.o) to '_vut_rt_string_split_v1'
  text-relocation in '_vut_fn_290'+0xA4 (/Users/runner/work/vut_repo/vut_repo/spikes/mlink0/out/fx-http.o) to '_vut_rt_release_string_v1'
  text-relocation in '_vut_fn_290'+0x88 (/Users/runner/work/vut_repo/vut_repo/spikes/mlink0/out/fx-http.o) to '_vut_rt_retain_string_v1'
  text-relocation in '_vut_fn_290'+0x60 (/Users/runner/work/vut_repo/vut_repo/spikes/mlink0/out/fx-http.o) to '_vut_rt_string_substring_v1'
  text-relocation in '_vut_fn_290'+0x48 (/Users/runner/work/vut_repo/vut_repo/spikes/mlink0/out/fx-http.o) to '_vut_rt_string_byte_len_v1'
  text-relocation in '_vut_fn_290'+0x18 (/Users/runner/work/vut_repo/vut_repo/spikes/mlink0/out/fx-http.o) to '_vut_rt_retain_string_v1'
  text-relocation in '_vut_fn_291'+0x238 (/Users/runner/work/vut_repo/vut_repo/spikes/mlink0/out/fx-http.o) to '_vut_rt_release_string_v1'
  text-relocation in '_vut_fn_291'+0x20C (/Users/runner/work/vut_repo/vut_repo/spikes/mlink0/out/fx-http.o) to '_vut_rt_release_string_v1'
  text-relocation in '_vut_fn_291'+0x1EC (/Users/runner/work/vut_repo/vut_repo/spikes/mlink0/out/fx-http.o) to '_vut_rt_string_find_v1'
  text-relocation in '_vut_fn_291'+0x1D4 (/Users/runner/work/vut_repo/vut_repo/spikes/mlink0/out/fx-http.o) to '_vut_rt_string_from_utf8_v1'
  text-relocation in '_vut_fn_291'+0x1A4 (/Users/runner/work/vut_repo/vut_repo/spikes/mlink0/out/fx-http.o) to '_vut_rt_release_string_v1'
  text-relocation in '_vut_fn_291'+0x184 (/Users/runner/work/vut_repo/vut_repo/spikes/mlink0/out/fx-http.o) to '_vut_rt_string_starts_with_v1'
  text-relocation in '_vut_fn_291'+0x16C (/Users/runner/work/vut_repo/vut_repo/spikes/mlink0/out/fx-http.o) to '_vut_rt_string_from_utf8_v1'
  text-relocation in '_vut_fn_291'+0x148 (/Users/runner/work/vut_repo/vut_repo/spikes/mlink0/out/fx-http.o) to '_vut_rt_release_string_v1'
  text-relocation in '_vut_fn_291'+0x128 (/Users/runner/work/vut_repo/vut_repo/spikes/mlink0/out/fx-http.o) to '_vut_rt_string_starts_with_v1'
  text-relocation in '_vut_fn_291'+0x110 (/Users/runner/work/vut_repo/vut_repo/spikes/mlink0/out/fx-http.o) to '_vut_rt_string_from_utf8_v1'
  text-relocation in '_vut_fn_291'+0xE8 (/Users/runner/work/vut_repo/vut_repo/spikes/mlink0/out/fx-http.o) to '_vut_rt_release_string_v1'
  text-relocation in '_vut_fn_291'+0xC8 (/Users/runner/work/vut_repo/vut_repo/spikes/mlink0/out/fx-http.o) to '_vut_rt_string_starts_with_v1'
  text-relocation in '_vut_fn_291'+0xB0 (/Users/runner/work/vut_repo/vut_repo/spikes/mlink0/out/fx-http.o) to '_vut_rt_string_from_utf8_v1'
  text-relocation in '_vut_fn_291'+0x80 (/Users/runner/work/vut_repo/vut_repo/spikes/mlink0/out/fx-http.o) to '_vut_rt_release_string_v1'
  text-relocation in '_vut_fn_291'+0x68 (/Users/runner/work/vut_repo/vut_repo/spikes/mlink0/out/fx-http.o) to '_vut_rt_release_string_v1'
  text-relocation in '_vut_fn_291'+0x48 (/Users/runner/work/vut_repo/vut_repo/spikes/mlink0/out/fx-http.o) to '_vut_rt_string_eq_v1'
  text-relocation in '_vut_fn_291'+0x30 (/Users/runner/work/vut_repo/vut_repo/spikes/mlink0/out/fx-http.o) to '_vut_rt_string_from_utf8_v1'
  text-relocation in '_vut_fn_293'+0x268 (/Users/runner/work/vut_repo/vut_repo/spikes/mlink0/out/fx-http.o) to '_vut_rt_release_string_v1'
  text-relocation in '_vut_fn_293'+0x250 (/Users/runner/work/vut_repo/vut_repo/spikes/mlink0/out/fx-http.o) to '_vut_rt_release_string_v1'
  text-relocation in '_vut_fn_293'+0x234 (/Users/runner/work/vut_repo/vut_repo/spikes/mlink0/out/fx-http.o) to '_vut_rt_retain_string_v1'
  text-relocation in '_vut_fn_293'+0x214 (/Users/runner/work/vut_repo/vut_repo/spikes/mlink0/out/fx-http.o) to '_vut_rt_retain_string_v1'
  text-relocation in '_vut_fn_293'+0x1F8 (/Users/runner/work/vut_repo/vut_repo/spikes/mlink0/out/fx-http.o) to '_vut_rt_release_string_v1'
  text-relocation in '_vut_fn_293'+0x1E0 (/Users/runner/work/vut_repo/vut_repo/spikes/mlink0/out/fx-http.o) to '_vut_rt_release_string_v1'
  text-relocation in '_vut_fn_293'+0x1C0 (/Users/runner/work/vut_repo/vut_repo/spikes/mlink0/out/fx-http.o) to '_vut_rt_concat_v1'
  text-relocation in '_vut_fn_293'+0x1A8 (/Users/runner/work/vut_repo/vut_repo/spikes/mlink0/out/fx-http.o) to '_vut_rt_retain_string_v1'
  text-relocation in '_vut_fn_293'+0x190 (/Users/runner/work/vut_repo/vut_repo/spikes/mlink0/out/fx-http.o) to '_vut_rt_retain_string_v1'
  text-relocation in '_vut_fn_293'+0x174 (/Users/runner/work/vut_repo/vut_repo/spikes/mlink0/out/fx-http.o) to '_vut_rt_release_string_v1'
  text-relocation in '_vut_fn_293'+0x15C (/Users/runner/work/vut_repo/vut_repo/spikes/mlink0/out/fx-http.o) to '_vut_rt_release_string_v1'
  text-relocation in '_vut_fn_293'+0x13C (/Users/runner/work/vut_repo/vut_repo/spikes/mlink0/out/fx-http.o) to '_vut_rt_concat_v1'
  text-relocation in '_vut_fn_293'+0x124 (/Users/runner/work/vut_repo/vut_repo/spikes/mlink0/out/fx-http.o) to '_vut_rt_retain_string_v1'
  text-relocation in '_vut_fn_293'+0x10C (/Users/runner/work/vut_repo/vut_repo/spikes/mlink0/out/fx-http.o) to '_vut_rt_release_string_v1'
  text-relocation in '_vut_fn_293'+0xF4 (/Users/runner/work/vut_repo/vut_repo/spikes/mlink0/out/fx-http.o) to '_vut_rt_release_string_v1'
  text-relocation in '_vut_fn_293'+0xD4 (/Users/runner/work/vut_repo/vut_repo/spikes/mlink0/out/fx-http.o) to '_vut_rt_concat_v1'
  text-relocation in '_vut_fn_293'+0xB4 (/Users/runner/work/vut_repo/vut_repo/spikes/mlink0/out/fx-http.o) to '_vut_rt_retain_string_v1'
  text-relocation in '_vut_fn_293'+0x90 (/Users/runner/work/vut_repo/vut_repo/spikes/mlink0/out/fx-http.o) to '_vut_rt_release_string_v1'
  text-relocation in '_vut_fn_293'+0x70 (/Users/runner/work/vut_repo/vut_repo/spikes/mlink0/out/fx-http.o) to '_vut_rt_string_ends_with_v1'
  text-relocation in '_vut_fn_293'+0x48 (/Users/runner/work/vut_repo/vut_repo/spikes/mlink0/out/fx-http.o) to '_vut_rt_string_is_empty_v1'
  text-relocation in '_vut_fn_293'+0x20 (/Users/runner/work/vut_repo/vut_repo/spikes/mlink0/out/fx-http.o) to '_vut_rt_retain_string_v1'
  text-relocation in '_vut_fn_294'+0x74 (/Users/runner/work/vut_repo/vut_repo/spikes/mlink0/out/fx-http.o) to '_vut_rt_release_string_v1'
  text-relocation in '_vut_fn_294'+0x58 (/Users/runner/work/vut_repo/vut_repo/spikes/mlink0/out/fx-http.o) to '_vut_rt_string_substring_v1'
  text-relocation in '_vut_fn_294'+0x20 (/Users/runner/work/vut_repo/vut_repo/spikes/mlink0/out/fx-http.o) to '_vut_rt_retain_string_v1'
  text-relocation in '_vut_fn_295'+0x5C (/Users/runner/work/vut_repo/vut_repo/spikes/mlink0/out/fx-http.o) to '_vut_rt_release_string_v1'
  text-relocation in '_vut_fn_295'+0x40 (/Users/runner/work/vut_repo/vut_repo/spikes/mlink0/out/fx-http.o) to '_vut_rt_retain_string_v1'
  text-relocation in '_vut_fn_295'+0x24 (/Users/runner/work/vut_repo/vut_repo/spikes/mlink0/out/fx-http.o) to '_vut_rt_string_is_empty_v1'
  text-relocation in '_vut_fn_296'+0xAC (/Users/runner/work/vut_repo/vut_repo/spikes/mlink0/out/fx-http.o) to '_vut_rt_release_string_v1'
  text-relocation in '_vut_fn_296'+0x88 (/Users/runner/work/vut_repo/vut_repo/spikes/mlink0/out/fx-http.o) to '_vut_rt_string_substring_v1'
  text-relocation in '_vut_fn_296'+0x70 (/Users/runner/work/vut_repo/vut_repo/spikes/mlink0/out/fx-http.o) to '_vut_rt_string_byte_len_v1'
  text-relocation in '_vut_fn_296'+0x44 (/Users/runner/work/vut_repo/vut_repo/spikes/mlink0/out/fx-http.o) to '_vut_rt_string_from_utf8_v1'
  text-relocation in '_vut_fn_296'+0x24 (/Users/runner/work/vut_repo/vut_repo/spikes/mlink0/out/fx-http.o) to '_vut_rt_retain_string_v1'
  text-relocation in '_vut_fn_297'+0xDC (/Users/runner/work/vut_repo/vut_repo/spikes/mlink0/out/fx-http.o) to '_vut_rt_release_string_v1'
  text-relocation in '_vut_fn_297'+0xBC (/Users/runner/work/vut_repo/vut_repo/spikes/mlink0/out/fx-http.o) to '_vut_rt_string_substring_v1'
  text-relocation in '_vut_fn_297'+0x98 (/Users/runner/work/vut_repo/vut_repo/spikes/mlink0/out/fx-http.o) to '_vut_rt_retain_string_v1'
  text-relocation in '_vut_fn_297'+0x6C (/Users/runner/work/vut_repo/vut_repo/spikes/mlink0/out/fx-http.o) to '_vut_rt_string_is_empty_v1'
  text-relocation in '_vut_fn_297'+0x48 (/Users/runner/work/vut_repo/vut_repo/spikes/mlink0/out/fx-http.o) to '_vut_rt_string_from_utf8_v1'
  text-relocation in '_vut_fn_297'+0x28 (/Users/runner/work/vut_repo/vut_repo/spikes/mlink0/out/fx-http.o) to '_vut_rt_retain_string_v1'
  text-relocation in '_vut_fn_298'+0x2AC (/Users/runner/work/vut_repo/vut_repo/spikes/mlink0/out/fx-http.o) to '_vut_rt_release_string_v1'
  text-relocation in '_vut_fn_298'+0x294 (/Users/runner/work/vut_repo/vut_repo/spikes/mlink0/out/fx-http.o) to '_vut_rt_release_string_v1'
  text-relocation in '_vut_fn_298'+0x27C (/Users/runner/work/vut_repo/vut_repo/spikes/mlink0/out/fx-http.o) to '_vut_rt_release_string_v1'
  text-relocation in '_vut_fn_298'+0x264 (/Users/runner/work/vut_repo/vut_repo/spikes/mlink0/out/fx-http.o) to '_vut_rt_release_string_v1'
  text-relocation in '_vut_fn_298'+0x244 (/Users/runner/work/vut_repo/vut_repo/spikes/mlink0/out/fx-http.o) to '_vut_rt_concat_v1'
  text-relocation in '_vut_fn_298'+0x22C (/Users/runner/work/vut_repo/vut_repo/spikes/mlink0/out/fx-http.o) to '_vut_rt_retain_string_v1'
  text-relocation in '_vut_fn_298'+0x214 (/Users/runner/work/vut_repo/vut_repo/spikes/mlink0/out/fx-http.o) to '_vut_rt_release_string_v1'
  text-relocation in '_vut_fn_298'+0x1FC (/Users/runner/work/vut_repo/vut_repo/spikes/mlink0/out/fx-http.o) to '_vut_rt_release_string_v1'
  text-relocation in '_vut_fn_298'+0x1DC (/Users/runner/work/vut_repo/vut_repo/spikes/mlink0/out/fx-http.o) to '_vut_rt_concat_v1'
  text-relocation in '_vut_fn_298'+0x1C4 (/Users/runner/work/vut_repo/vut_repo/spikes/mlink0/out/fx-http.o) to '_vut_rt_string_from_utf8_v1'
  text-relocation in '_vut_fn_298'+0x198 (/Users/runner/work/vut_repo/vut_repo/spikes/mlink0/out/fx-http.o) to '_vut_rt_string_substring_v1'
  text-relocation in '_vut_fn_298'+0x178 (/Users/runner/work/vut_repo/vut_repo/spikes/mlink0/out/fx-http.o) to '_vut_rt_release_string_v1'
  text-relocation in '_vut_fn_298'+0x160 (/Users/runner/work/vut_repo/vut_repo/spikes/mlink0/out/fx-http.o) to '_vut_rt_release_string_v1'
  text-relocation in '_vut_fn_298'+0x140 (/Users/runner/work/vut_repo/vut_repo/spikes/mlink0/out/fx-http.o) to '_vut_rt_concat_v1'
  text-relocation in '_vut_fn_298'+0x128 (/Users/runner/work/vut_repo/vut_repo/spikes/mlink0/out/fx-http.o) to '_vut_rt_retain_string_v1'
  text-relocation in '_vut_fn_298'+0x110 (/Users/runner/work/vut_repo/vut_repo/spikes/mlink0/out/fx-http.o) to '_vut_rt_release_string_v1'
  text-relocation in '_vut_fn_298'+0xF8 (/Users/runner/work/vut_repo/vut_repo/spikes/mlink0/out/fx-http.o) to '_vut_rt_release_string_v1'
  text-relocation in '_vut_fn_298'+0xD8 (/Users/runner/work/vut_repo/vut_repo/spikes/mlink0/out/fx-http.o) to '_vut_rt_concat_v1'
  text-relocation in '_vut_fn_298'+0xC0 (/Users/runner/work/vut_repo/vut_repo/spikes/mlink0/out/fx-http.o) to '_vut_rt_string_from_utf8_v1'
  text-relocation in '_vut_fn_298'+0x9C (/Users/runner/work/vut_repo/vut_repo/spikes/mlink0/out/fx-http.o) to '_vut_rt_retain_string_v1'
  text-relocation in '_vut_fn_298'+0x68 (/Users/runner/work/vut_repo/vut_repo/spikes/mlink0/out/fx-http.o) to '_vut_rt_retain_string_v1'
  text-relocation in '_vut_fn_298'+0x44 (/Users/runner/work/vut_repo/vut_repo/spikes/mlink0/out/fx-http.o) to '_vut_rt_string_from_utf8_v1'
  text-relocation in '_vut_fn_298'+0x24 (/Users/runner/work/vut_repo/vut_repo/spikes/mlink0/out/fx-http.o) to '_vut_rt_retain_string_v1'
  text-relocation in '_vut_fn_299'+0x1DC (/Users/runner/work/vut_repo/vut_repo/spikes/mlink0/out/fx-http.o) to '_vut_rt_release_string_v1'
  text-relocation in '_vut_fn_299'+0x1C4 (/Users/runner/work/vut_repo/vut_repo/spikes/mlink0/out/fx-http.o) to '_vut_rt_list_push_v1'
  text-relocation in '_vut_fn_299'+0x19C (/Users/runner/work/vut_repo/vut_repo/spikes/mlink0/out/fx-http.o) to '_vut_rt_string_is_empty_v1'
  text-relocation in '_vut_fn_299'+0x180 (/Users/runner/work/vut_repo/vut_repo/spikes/mlink0/out/fx-http.o) to '_vut_rt_retain_string_v1'
  text-relocation in '_vut_fn_299'+0x150 (/Users/runner/work/vut_repo/vut_repo/spikes/mlink0/out/fx-http.o) to '_vut_rt_release_string_v1'
  text-relocation in '_vut_fn_299'+0x138 (/Users/runner/work/vut_repo/vut_repo/spikes/mlink0/out/fx-http.o) to '_vut_rt_list_release_v1'
  text-relocation in '_vut_fn_299'+0xB8 (/Users/runner/work/vut_repo/vut_repo/spikes/mlink0/out/fx-http.o) to '_vut_rt_list_len_v1'
  text-relocation in '_vut_fn_299'+0x94 (/Users/runner/work/vut_repo/vut_repo/spikes/mlink0/out/fx-http.o) to '_vut_rt_list_data_v1'
  text-relocation in '_vut_fn_299'+0x7C (/Users/runner/work/vut_repo/vut_repo/spikes/mlink0/out/fx-http.o) to '_vut_rt_release_string_v1'
  text-relocation in '_vut_fn_299'+0x5C (/Users/runner/work/vut_repo/vut_repo/spikes/mlink0/out/fx-http.o) to '_vut_rt_string_split_v1'
  text-relocation in '_vut_fn_299'+0x3C (/Users/runner/work/vut_repo/vut_repo/spikes/mlink0/out/fx-http.o) to '_vut_rt_list_new_v1'
  text-relocation in '_vut_fn_300'+0x644 (/Users/runner/work/vut_repo/vut_repo/spikes/mlink0/out/fx-http.o) to '_vut_rt_release_string_v1'
  text-relocation in '_vut_fn_300'+0x628 (/Users/runner/work/vut_repo/vut_repo/spikes/mlink0/out/fx-http.o) to '_vut_rt_release_string_v1'
  text-relocation in '_vut_fn_300'+0x60C (/Users/runner/work/vut_repo/vut_repo/spikes/mlink0/out/fx-http.o) to '_vut_rt_list_remove_v1'
  text-relocation in '_vut_fn_300'+0x5C8 (/Users/runner/work/vut_repo/vut_repo/spikes/mlink0/out/fx-http.o) to '_vut_rt_list_len_v1'
  text-relocation in '_vut_fn_300'+0x5A8 (/Users/runner/work/vut_repo/vut_repo/spikes/mlink0/out/fx-http.o) to '_vut_rt_list_is_empty_v1'
  text-relocation in '_vut_fn_300'+0x58C (/Users/runner/work/vut_repo/vut_repo/spikes/mlink0/out/fx-http.o) to '_vut_rt_list_push_v1'
  text-relocation in '_vut_fn_300'+0x560 (/Users/runner/work/vut_repo/vut_repo/spikes/mlink0/out/fx-http.o) to '_vut_rt_release_string_v1'
  text-relocation in '_vut_fn_300'+0x548 (/Users/runner/work/vut_repo/vut_repo/spikes/mlink0/out/fx-http.o) to '_vut_rt_release_string_v1'
  text-relocation in '_vut_fn_300'+0x524 (/Users/runner/work/vut_repo/vut_repo/spikes/mlink0/out/fx-http.o) to '_vut_rt_string_eq_v1'
  text-relocation in '_vut_fn_300'+0x50C (/Users/runner/work/vut_repo/vut_repo/spikes/mlink0/out/fx-http.o) to '_vut_rt_string_from_utf8_v1'
  text-relocation in '_vut_fn_300'+0x4E8 (/Users/runner/work/vut_repo/vut_repo/spikes/mlink0/out/fx-http.o) to '_vut_rt_retain_string_v1'
  text-relocation in '_vut_fn_300'+0x4C8 (/Users/runner/work/vut_repo/vut_repo/spikes/mlink0/out/fx-http.o) to '_vut_rt_string_is_empty_v1'
  text-relocation in '_vut_fn_300'+0x4A4 (/Users/runner/work/vut_repo/vut_repo/spikes/mlink0/out/fx-http.o) to '_vut_rt_release_string_v1'
  text-relocation in '_vut_fn_300'+0x48C (/Users/runner/work/vut_repo/vut_repo/spikes/mlink0/out/fx-http.o) to '_vut_rt_release_string_v1'
  text-relocation in '_vut_fn_300'+0x46C (/Users/runner/work/vut_repo/vut_repo/spikes/mlink0/out/fx-http.o) to '_vut_rt_string_eq_v1'
  text-relocation in '_vut_fn_300'+0x454 (/Users/runner/work/vut_repo/vut_repo/spikes/mlink0/out/fx-http.o) to '_vut_rt_string_from_utf8_v1'
  text-relocation in '_vut_fn_300'+0x430 (/Users/runner/work/vut_repo/vut_repo/spikes/mlink0/out/fx-http.o) to '_vut_rt_retain_string_v1'
  text-relocation in '_vut_fn_300'+0x414 (/Users/runner/work/vut_repo/vut_repo/spikes/mlink0/out/fx-http.o) to '_vut_rt_retain_string_v1'
  text-relocation in '_vut_fn_300'+0x3F4 (/Users/runner/work/vut_repo/vut_repo/spikes/mlink0/out/fx-http.o) to '_vut_rt_release_string_v1'
  text-relocation in '_vut_fn_300'+0x3DC (/Users/runner/work/vut_repo/vut_repo/spikes/mlink0/out/fx-http.o) to '_vut_rt_release_string_v1'
  text-relocation in '_vut_fn_300'+0x3C0 (/Users/runner/work/vut_repo/vut_repo/spikes/mlink0/out/fx-http.o) to '_vut_rt_retain_string_v1'
  text-relocation in '_vut_fn_300'+0x3A4 (/Users/runner/work/vut_repo/vut_repo/spikes/mlink0/out/fx-http.o) to '_vut_rt_release_string_v1'
  text-relocation in '_vut_fn_300'+0x38C (/Users/runner/work/vut_repo/vut_repo/spikes/mlink0/out/fx-http.o) to '_vut_rt_release_string_v1'
  text-relocation in '_vut_fn_300'+0x36C (/Users/runner/work/vut_repo/vut_repo/spikes/mlink0/out/fx-http.o) to '_vut_rt_concat_v1'
  text-relocation in '_vut_fn_300'+0x354 (/Users/runner/work/vut_repo/vut_repo/spikes/mlink0/out/fx-http.o) to '_vut_rt_retain_string_v1'
  text-relocation in '_vut_fn_300'+0x33C (/Users/runner/work/vut_repo/vut_repo/spikes/mlink0/out/fx-http.o) to '_vut_rt_release_string_v1'
  text-relocation in '_vut_fn_300'+0x324 (/Users/runner/work/vut_repo/vut_repo/spikes/mlink0/out/fx-http.o) to '_vut_rt_release_string_v1'
  text-relocation in '_vut_fn_300'+0x304 (/Users/runner/work/vut_repo/vut_repo/spikes/mlink0/out/fx-http.o) to '_vut_rt_concat_v1'
  text-relocation in '_vut_fn_300'+0x2E4 (/Users/runner/work/vut_repo/vut_repo/spikes/mlink0/out/fx-http.o) to '_vut_rt_retain_string_v1'
  text-relocation in '_vut_fn_300'+0x2C4 (/Users/runner/work/vut_repo/vut_repo/spikes/mlink0/out/fx-http.o) to '_vut_rt_string_is_empty_v1'
  text-relocation in '_vut_fn_300'+0x2AC (/Users/runner/work/vut_repo/vut_repo/spikes/mlink0/out/fx-http.o) to '_vut_rt_retain_string_v1'
  text-relocation in '_vut_fn_300'+0x274 (/Users/runner/work/vut_repo/vut_repo/spikes/mlink0/out/fx-http.o) to '_vut_rt_release_string_v1'
  text-relocation in '_vut_fn_300'+0x25C (/Users/runner/work/vut_repo/vut_repo/spikes/mlink0/out/fx-http.o) to '_vut_rt_list_release_v1'
  text-relocation in '_vut_fn_300'+0x244 (/Users/runner/work/vut_repo/vut_repo/spikes/mlink0/out/fx-http.o) to '_vut_rt_release_string_v1'
  text-relocation in '_vut_fn_300'+0x1C4 (/Users/runner/work/vut_repo/vut_repo/spikes/mlink0/out/fx-http.o) to '_vut_rt_list_len_v1'
  text-relocation in '_vut_fn_300'+0x1A0 (/Users/runner/work/vut_repo/vut_repo/spikes/mlink0/out/fx-http.o) to '_vut_rt_list_data_v1'
  text-relocation in '_vut_fn_300'+0x188 (/Users/runner/work/vut_repo/vut_repo/spikes/mlink0/out/fx-http.o) to '_vut_rt_string_from_utf8_v1'
  text-relocation in '_vut_fn_300'+0x164 (/Users/runner/work/vut_repo/vut_repo/spikes/mlink0/out/fx-http.o) to '_vut_rt_list_release_v1'
  text-relocation in '_vut_fn_300'+0xE4 (/Users/runner/work/vut_repo/vut_repo/spikes/mlink0/out/fx-http.o) to '_vut_rt_list_len_v1'
  text-relocation in '_vut_fn_300'+0xC0 (/Users/runner/work/vut_repo/vut_repo/spikes/mlink0/out/fx-http.o) to '_vut_rt_list_data_v1'
  text-relocation in '_vut_fn_300'+0xA8 (/Users/runner/work/vut_repo/vut_repo/spikes/mlink0/out/fx-http.o) to '_vut_rt_release_string_v1'
  text-relocation in '_vut_fn_300'+0x88 (/Users/runner/work/vut_repo/vut_repo/spikes/mlink0/out/fx-http.o) to '_vut_rt_string_split_v1'
  text-relocation in '_vut_fn_300'+0x68 (/Users/runner/work/vut_repo/vut_repo/spikes/mlink0/out/fx-http.o) to '_vut_rt_string_from_utf8_v1'
  text-relocation in '_vut_fn_300'+0x44 (/Users/runner/work/vut_repo/vut_repo/spikes/mlink0/out/fx-http.o) to '_vut_rt_list_new_v1'
  text-relocation in '_vut_fn_305'+0x10 (/Users/runner/work/vut_repo/vut_repo/spikes/mlink0/out/fx-http.o) to '_vut_rt_process_id_v1'
  text-relocation in '_vut_fn_306'+0x10 (/Users/runner/work/vut_repo/vut_repo/spikes/mlink0/out/fx-http.o) to '_vut_rt_process_exit_v1'
  text-relocation in '_vut_fn_307'+0x6C (/Users/runner/work/vut_repo/vut_repo/spikes/mlink0/out/fx-http.o) to '_vut_rt_release_string_v1'
  text-relocation in '_vut_fn_307'+0x54 (/Users/runner/work/vut_repo/vut_repo/spikes/mlink0/out/fx-http.o) to '_vut_rt_list_release_v1'
  text-relocation in '_vut_fn_307'+0x3C (/Users/runner/work/vut_repo/vut_repo/spikes/mlink0/out/fx-http.o) to '_vut_rt_release_string_v1'
  text-relocation in '_vut_fn_307'+0x24 (/Users/runner/work/vut_repo/vut_repo/spikes/mlink0/out/fx-http.o) to '_vut_rt_process_status_v1'
  text-relocation in '_vut_fn_308'+0x6C (/Users/runner/work/vut_repo/vut_repo/spikes/mlink0/out/fx-http.o) to '_vut_rt_release_string_v1'
  text-relocation in '_vut_fn_308'+0x54 (/Users/runner/work/vut_repo/vut_repo/spikes/mlink0/out/fx-http.o) to '_vut_rt_list_release_v1'
  text-relocation in '_vut_fn_308'+0x3C (/Users/runner/work/vut_repo/vut_repo/spikes/mlink0/out/fx-http.o) to '_vut_rt_release_string_v1'
  text-relocation in '_vut_fn_308'+0x24 (/Users/runner/work/vut_repo/vut_repo/spikes/mlink0/out/fx-http.o) to '_vut_rt_process_output_v1'
  text-relocation in '_vut_fn_314'+0x108 (/Users/runner/work/vut_repo/vut_repo/spikes/mlink0/out/fx-http.o) to '_vut_rt_bytes_release_v1'
  text-relocation in '_vut_fn_314'+0xF0 (/Users/runner/work/vut_repo/vut_repo/spikes/mlink0/out/fx-http.o) to '_vut_rt_release_string_v1'
  text-relocation in '_vut_fn_314'+0xD8 (/Users/runner/work/vut_repo/vut_repo/spikes/mlink0/out/fx-http.o) to '_vut_rt_retain_string_v1'
  text-relocation in '_vut_fn_314'+0xB4 (/Users/runner/work/vut_repo/vut_repo/spikes/mlink0/out/fx-http.o) to '_vut_rt_string_from_utf8_v1'
  text-relocation in '_vut_fn_314'+0x58 (/Users/runner/work/vut_repo/vut_repo/spikes/mlink0/out/fx-http.o) to '_vut_rt_bytes_utf8_error_len_v1'
  text-relocation in '_vut_fn_314'+0x3C (/Users/runner/work/vut_repo/vut_repo/spikes/mlink0/out/fx-http.o) to '_vut_rt_bytes_utf8_valid_up_to_v1'
  text-relocation in '_vut_fn_314'+0x20 (/Users/runner/work/vut_repo/vut_repo/spikes/mlink0/out/fx-http.o) to '_vut_rt_bytes_to_str_v1'
  text-relocation in '_vut_fn_315'+0xEC (/Users/runner/work/vut_repo/vut_repo/spikes/mlink0/out/fx-http.o) to '_vut_rt_bytes_release_v1'
  text-relocation in '_vut_fn_315'+0xB4 (/Users/runner/work/vut_repo/vut_repo/spikes/mlink0/out/fx-http.o) to '_vut_rt_bytes_slice_v1'
  text-relocation in '_vut_fn_315'+0x9C (/Users/runner/work/vut_repo/vut_repo/spikes/mlink0/out/fx-http.o) to '_vut_rt_bytes_len_v1'
  text-relocation in '_vut_fn_315'+0x70 (/Users/runner/work/vut_repo/vut_repo/spikes/mlink0/out/fx-http.o) to '_vut_rt_bytes_slice_v1'
  text-relocation in '_vut_fn_315'+0x4C (/Users/runner/work/vut_repo/vut_repo/spikes/mlink0/out/fx-http.o) to '_vut_rt_bytes_read_i32_v1'
  text-relocation in '_vut_fn_315'+0x2C (/Users/runner/work/vut_repo/vut_repo/spikes/mlink0/out/fx-http.o) to '_vut_rt_bytes_read_i32_v1'
  text-relocation in '_vut_fn_322'+0x108 (/Users/runner/work/vut_repo/vut_repo/spikes/mlink0/out/fx-http.o) to '_vut_rt_bytes_release_v1'
  text-relocation in '_vut_fn_322'+0xE0 (/Users/runner/work/vut_repo/vut_repo/spikes/mlink0/out/fx-http.o) to '_vut_rt_bytes_release_v1'
  text-relocation in '_vut_fn_322'+0xC8 (/Users/runner/work/vut_repo/vut_repo/spikes/mlink0/out/fx-http.o) to '_vut_rt_bytes_read_i32_v1'
  text-relocation in '_vut_fn_322'+0xA4 (/Users/runner/work/vut_repo/vut_repo/spikes/mlink0/out/fx-http.o) to '_vut_rt_bytes_clone_v1'
  text-relocation in '_vut_fn_322'+0x74 (/Users/runner/work/vut_repo/vut_repo/spikes/mlink0/out/fx-http.o) to '_vut_rt_bytes_clone_v1'
  text-relocation in '_vut_fn_322'+0x54 (/Users/runner/work/vut_repo/vut_repo/spikes/mlink0/out/fx-http.o) to '_vut_rt_bytes_clone_v1'
  text-relocation in '_vut_fn_322'+0x34 (/Users/runner/work/vut_repo/vut_repo/spikes/mlink0/out/fx-http.o) to '_vut_rt_bytes_clone_v1'
  text-relocation in '_vut_fn_323'+0xD0 (/Users/runner/work/vut_repo/vut_repo/spikes/mlink0/out/fx-http.o) to '_vut_rt_bytes_release_v1'
  text-relocation in '_vut_fn_323'+0xA4 (/Users/runner/work/vut_repo/vut_repo/spikes/mlink0/out/fx-http.o) to '_vut_rt_bytes_clone_v1'
  text-relocation in '_vut_fn_323'+0x74 (/Users/runner/work/vut_repo/vut_repo/spikes/mlink0/out/fx-http.o) to '_vut_rt_bytes_clone_v1'
  text-relocation in '_vut_fn_323'+0x54 (/Users/runner/work/vut_repo/vut_repo/spikes/mlink0/out/fx-http.o) to '_vut_rt_bytes_clone_v1'
  text-relocation in '_vut_fn_323'+0x34 (/Users/runner/work/vut_repo/vut_repo/spikes/mlink0/out/fx-http.o) to '_vut_rt_bytes_clone_v1'
  text-relocation in '_vut_fn_327'+0x10 (/Users/runner/work/vut_repo/vut_repo/spikes/mlink0/out/fx-http.o) to '_vut_rt_time_now_nanos_v1'
  text-relocation in '_vut_fn_328'+0x10 (/Users/runner/work/vut_repo/vut_repo/spikes/mlink0/out/fx-http.o) to '_vut_rt_time_instant_nanos_v1'
  text-relocation in '_vut_fn_329'+0x10 (/Users/runner/work/vut_repo/vut_repo/spikes/mlink0/out/fx-http.o) to '_vut_rt_time_sleep_nanos_v1'
  text-relocation in '_vut_future_drop_373'+0x40 (/Users/runner/work/vut_repo/vut_repo/spikes/mlink0/out/fx-http.o) to '_vut_rt_frame_free_v1'
  text-relocation in '_vut_future_drop_373'+0x24 (/Users/runner/work/vut_repo/vut_repo/spikes/mlink0/out/fx-http.o) to '_vut_rt_async_drop_v1'
  text-relocation in '_vut_future_drop_374'+0x40 (/Users/runner/work/vut_repo/vut_repo/spikes/mlink0/out/fx-http.o) to '_vut_rt_frame_free_v1'
  text-relocation in '_vut_future_drop_374'+0x24 (/Users/runner/work/vut_repo/vut_repo/spikes/mlink0/out/fx-http.o) to '_vut_rt_async_drop_v1'
  text-relocation in '_vut_future_drop_375'+0x40 (/Users/runner/work/vut_repo/vut_repo/spikes/mlink0/out/fx-http.o) to '_vut_rt_frame_free_v1'
  text-relocation in '_vut_future_drop_375'+0x24 (/Users/runner/work/vut_repo/vut_repo/spikes/mlink0/out/fx-http.o) to '_vut_rt_async_drop_v1'
  text-relocation in '_vut_future_drop_376'+0x40 (/Users/runner/work/vut_repo/vut_repo/spikes/mlink0/out/fx-http.o) to '_vut_rt_frame_free_v1'
  text-relocation in '_vut_future_drop_376'+0x24 (/Users/runner/work/vut_repo/vut_repo/spikes/mlink0/out/fx-http.o) to '_vut_rt_async_drop_v1'
  text-relocation in '_vut_future_drop_377'+0x40 (/Users/runner/work/vut_repo/vut_repo/spikes/mlink0/out/fx-http.o) to '_vut_rt_frame_free_v1'
  text-relocation in '_vut_future_drop_377'+0x24 (/Users/runner/work/vut_repo/vut_repo/spikes/mlink0/out/fx-http.o) to '_vut_rt_async_drop_v1'
  text-relocation in '_vut_future_drop_378'+0x40 (/Users/runner/work/vut_repo/vut_repo/spikes/mlink0/out/fx-http.o) to '_vut_rt_frame_free_v1'
  text-relocation in '_vut_future_drop_378'+0x24 (/Users/runner/work/vut_repo/vut_repo/spikes/mlink0/out/fx-http.o) to '_vut_rt_async_drop_v1'
  text-relocation in '_vut_future_drop_379'+0x40 (/Users/runner/work/vut_repo/vut_repo/spikes/mlink0/out/fx-http.o) to '_vut_rt_frame_free_v1'
  text-relocation in '_vut_future_drop_379'+0x24 (/Users/runner/work/vut_repo/vut_repo/spikes/mlink0/out/fx-http.o) to '_vut_rt_async_drop_v1'
  text-relocation in '_vut_future_drop_382'+0x40 (/Users/runner/work/vut_repo/vut_repo/spikes/mlink0/out/fx-http.o) to '_vut_rt_frame_free_v1'
  text-relocation in '_vut_future_drop_382'+0x24 (/Users/runner/work/vut_repo/vut_repo/spikes/mlink0/out/fx-http.o) to '_vut_rt_async_drop_v1'
  text-relocation in '_vut_future_drop_152'+0x40 (/Users/runner/work/vut_repo/vut_repo/spikes/mlink0/out/fx-http.o) to '_vut_rt_frame_free_v1'
  text-relocation in '_vut_future_drop_152'+0x24 (/Users/runner/work/vut_repo/vut_repo/spikes/mlink0/out/fx-http.o) to '_vut_rt_async_drop_v1'
  text-relocation in '_vut_future_drop_153'+0x40 (/Users/runner/work/vut_repo/vut_repo/spikes/mlink0/out/fx-http.o) to '_vut_rt_frame_free_v1'
  text-relocation in '_vut_future_drop_153'+0x24 (/Users/runner/work/vut_repo/vut_repo/spikes/mlink0/out/fx-http.o) to '_vut_rt_async_drop_v1'
  text-relocation in '_vut_future_drop_154'+0x40 (/Users/runner/work/vut_repo/vut_repo/spikes/mlink0/out/fx-http.o) to '_vut_rt_frame_free_v1'
  text-relocation in '_vut_future_drop_154'+0x24 (/Users/runner/work/vut_repo/vut_repo/spikes/mlink0/out/fx-http.o) to '_vut_rt_async_drop_v1'
  text-relocation in '_vut_future_drop_155'+0x40 (/Users/runner/work/vut_repo/vut_repo/spikes/mlink0/out/fx-http.o) to '_vut_rt_frame_free_v1'
  text-relocation in '_vut_future_drop_155'+0x24 (/Users/runner/work/vut_repo/vut_repo/spikes/mlink0/out/fx-http.o) to '_vut_rt_async_drop_v1'
  text-relocation in '_vut_future_drop_156'+0x40 (/Users/runner/work/vut_repo/vut_repo/spikes/mlink0/out/fx-http.o) to '_vut_rt_frame_free_v1'
  text-relocation in '_vut_future_drop_156'+0x24 (/Users/runner/work/vut_repo/vut_repo/spikes/mlink0/out/fx-http.o) to '_vut_rt_async_drop_v1'
  text-relocation in '_vut_future_drop_158'+0x40 (/Users/runner/work/vut_repo/vut_repo/spikes/mlink0/out/fx-http.o) to '_vut_rt_frame_free_v1'
  text-relocation in '_vut_future_drop_158'+0x24 (/Users/runner/work/vut_repo/vut_repo/spikes/mlink0/out/fx-http.o) to '_vut_rt_async_drop_v1'
  text-relocation in '_vut_future_drop_159'+0x40 (/Users/runner/work/vut_repo/vut_repo/spikes/mlink0/out/fx-http.o) to '_vut_rt_frame_free_v1'
  text-relocation in '_vut_future_drop_159'+0x24 (/Users/runner/work/vut_repo/vut_repo/spikes/mlink0/out/fx-http.o) to '_vut_rt_async_drop_v1'
  text-relocation in '_vut_future_drop_160'+0x40 (/Users/runner/work/vut_repo/vut_repo/spikes/mlink0/out/fx-http.o) to '_vut_rt_frame_free_v1'
  text-relocation in '_vut_future_drop_160'+0x24 (/Users/runner/work/vut_repo/vut_repo/spikes/mlink0/out/fx-http.o) to '_vut_rt_async_drop_v1'
  text-relocation in '_vut_future_drop_161'+0x40 (/Users/runner/work/vut_repo/vut_repo/spikes/mlink0/out/fx-http.o) to '_vut_rt_frame_free_v1'
  text-relocation in '_vut_future_drop_161'+0x24 (/Users/runner/work/vut_repo/vut_repo/spikes/mlink0/out/fx-http.o) to '_vut_rt_async_drop_v1'
  text-relocation in '_vut_future_drop_162'+0x40 (/Users/runner/work/vut_repo/vut_repo/spikes/mlink0/out/fx-http.o) to '_vut_rt_frame_free_v1'
  text-relocation in '_vut_future_drop_162'+0x24 (/Users/runner/work/vut_repo/vut_repo/spikes/mlink0/out/fx-http.o) to '_vut_rt_async_drop_v1'
  text-relocation in '_vut_future_drop_163'+0x40 (/Users/runner/work/vut_repo/vut_repo/spikes/mlink0/out/fx-http.o) to '_vut_rt_frame_free_v1'
  text-relocation in '_vut_future_drop_163'+0x24 (/Users/runner/work/vut_repo/vut_repo/spikes/mlink0/out/fx-http.o) to '_vut_rt_async_drop_v1'
  text-relocation in '_vut_future_drop_384'+0x40 (/Users/runner/work/vut_repo/vut_repo/spikes/mlink0/out/fx-http.o) to '_vut_rt_frame_free_v1'
  text-relocation in '_vut_future_drop_384'+0x24 (/Users/runner/work/vut_repo/vut_repo/spikes/mlink0/out/fx-http.o) to '_vut_rt_async_drop_v1'
  text-relocation in '_vut_future_drop_261'+0x40 (/Users/runner/work/vut_repo/vut_repo/spikes/mlink0/out/fx-http.o) to '_vut_rt_frame_free_v1'
  text-relocation in '_vut_future_drop_261'+0x24 (/Users/runner/work/vut_repo/vut_repo/spikes/mlink0/out/fx-http.o) to '_vut_rt_async_drop_v1'
  text-relocation in '_vut_type_retain_5'+0x14 (/Users/runner/work/vut_repo/vut_repo/spikes/mlink0/out/fx-http.o) to '_vut_rt_retain_string_v1'
  text-relocation in '_vut_type_release_5'+0x14 (/Users/runner/work/vut_repo/vut_repo/spikes/mlink0/out/fx-http.o) to '_vut_rt_release_string_v1'
  text-relocation in '_vut_type_retain_24'+0x80 (/Users/runner/work/vut_repo/vut_repo/spikes/mlink0/out/fx-http.o) to '_vut_rt_retain_string_v1'
  text-relocation in '_vut_type_retain_24'+0x64 (/Users/runner/work/vut_repo/vut_repo/spikes/mlink0/out/fx-http.o) to '_vut_rt_list_retain_v1'
  text-relocation in '_vut_type_retain_24'+0x48 (/Users/runner/work/vut_repo/vut_repo/spikes/mlink0/out/fx-http.o) to '_vut_rt_map_retain_v1'
  text-relocation in '_vut_type_release_24'+0x80 (/Users/runner/work/vut_repo/vut_repo/spikes/mlink0/out/fx-http.o) to '_vut_rt_release_string_v1'
  text-relocation in '_vut_type_release_24'+0x64 (/Users/runner/work/vut_repo/vut_repo/spikes/mlink0/out/fx-http.o) to '_vut_rt_list_release_v1'
  text-relocation in '_vut_type_release_24'+0x48 (/Users/runner/work/vut_repo/vut_repo/spikes/mlink0/out/fx-http.o) to '_vut_rt_map_release_v1'
  text-relocation in '_vut_entry'+0xD0 (/Users/runner/work/vut_repo/vut_repo/spikes/mlink0/out/fx-http.o) to '_vut_rt_live_allocation_count_v1'
  text-relocation in '_vut_entry'+0xB8 (/Users/runner/work/vut_repo/vut_repo/spikes/mlink0/out/fx-http.o) to '_vut_rt_executor_drain_v1'
  text-relocation in '_vut_entry'+0xA0 (/Users/runner/work/vut_repo/vut_repo/spikes/mlink0/out/fx-http.o) to '_vut_rt_async_drop_v1'
  text-relocation in '_vut_entry'+0x84 (/Users/runner/work/vut_repo/vut_repo/spikes/mlink0/out/fx-http.o) to '_vut_rt_task_result_v1'
  text-relocation in '_vut_entry'+0x70 (/Users/runner/work/vut_repo/vut_repo/spikes/mlink0/out/fx-http.o) to '_vut_rt_executor_run_v1'
  text-relocation in '_vut_entry'+0x58 (/Users/runner/work/vut_repo/vut_repo/spikes/mlink0/out/fx-http.o) to '_vut_rt_vutcon_spawn_v1'
  text-relocation in '_vut_entry'+0x20 (/Users/runner/work/vut_repo/vut_repo/spikes/mlink0/out/fx-http.o) to '_vut_rt_frame_alloc_v1'
ld: Found illegal text-relocations
clang: error: linker command failed with exit code 1 (use -v to see invocation)
